"p_year","tech_field","Swiss_based","commuters","share"
1990,"1",471.658369408369,30.4,1.06445343064331
1990,"2",452.933333333333,14.9166666666667,1.03293347070945
1990,"3",168.716666666667,3.16666666666667,1.01876913958313
1990,"4",12,0,1
1990,"5",18.1666666666667,0,1
1990,"6",15.8333333333333,6,1.37894736842105
1990,"7",0.333333333333333,0,1
1990,"8",10,1,1.1
1990,"9",37,1.33333333333333,1.03603603603604
1990,"10",190.783333333333,4.33333333333333,1.02271337468332
1990,"11",2,0,1
1990,"12",22.5,0,1
1990,"13",92.125,1.5,1.01628222523745
1990,"14",168.412626262626,24.4075757575758,1.14492723199693
1990,"15",50.7690476190476,3.08333333333333,1.06073254232519
1990,"16",61.0492424242424,5.6952380952381,1.09328925092405
1990,"17",55.925,9.7,1.17344658024139
1990,"18",28.6666666666667,0,1
1990,"19",88.5857142857143,6.83333333333333,1.07713809600602
1990,"20",52.9166666666667,3.16666666666667,1.05984251968504
1990,"21",40.75,1.83333333333333,1.04498977505112
1990,"23",90.5833333333333,5.33333333333333,1.0588776448942
1990,"24",22.4666666666667,2.08333333333333,1.09272997032641
1990,"25",148.622222222222,6.44444444444444,1.04336124401914
1990,"26",133.333333333333,4,1.03
1990,"27",36.6666666666667,0.833333333333333,1.02272727272727
1990,"28",249.003571428571,9.75,1.03915606488719
1990,"29",79,2.66666666666667,1.0337552742616
1990,"30",29.8333333333333,3.66666666666667,1.12290502793296
1990,"31",93,1,1.01075268817204
1990,"32",46.2666666666667,0.5,1.01080691642651
1990,"33",57.3333333333333,0.5,1.00872093023256
1990,"34",57.3333333333333,0,1
1990,"35",107.5,11.5,1.10697674418605
1991,"1",548.5670995671,37.15,1.06772188858814
1991,"2",388.016666666667,24,1.06185301318672
1991,"3",126.366666666667,8.25,1.06528620416777
1991,"4",24.3,0,1
1991,"5",12.8333333333333,0,1
1991,"6",20.6333333333333,0,1
1991,"8",25.25,0,1
1991,"9",50.8857142857143,1.78571428571429,1.0350926445817
1991,"10",186.366666666667,2,1.0107315328206
1991,"11",6.2,1,1.16129032258065
1991,"12",30.4166666666667,0.333333333333333,1.01095890410959
1991,"13",97.75,2.5,1.02557544757033
1991,"14",186.61746031746,20.9857142857143,1.11245311264024
1991,"15",58.9087301587302,4.31666666666667,1.07327719770967
1991,"16",61.3396825396825,7.7,1.12553048338681
1991,"17",59.6095238095238,13.1333333333333,1.22032273526122
1991,"18",37.8333333333333,0,1
1991,"19",63.5,6.41666666666667,1.1010498687664
1991,"20",31.7333333333333,3.66666666666667,1.11554621848739
1991,"21",28.3333333333333,4.08333333333333,1.14411764705882
1991,"23",77.2333333333333,5,1.06473888649115
1991,"24",14.75,1,1.06779661016949
1991,"25",146.833333333333,5.9,1.04018161180477
1991,"26",126.466666666667,3,1.02372166578809
1991,"27",62.8333333333333,2.73333333333333,1.04350132625995
1991,"28",164.1,11.5666666666667,1.07048547633557
1991,"29",87.5833333333333,3,1.03425309229305
1991,"30",27.25,2.5,1.09174311926605
1991,"31",67.75,5.5,1.08118081180812
1991,"32",41,1,1.02439024390244
1991,"33",53.75,0,1
1991,"34",52,2,1.03846153846154
1991,"35",86.9166666666667,1.33333333333333,1.01534036433365
1992,"1",557.546428571429,54.7083333333333,1.09812336790231
1992,"2",412.133333333333,20.2055555555556,1.04902674431144
1992,"3",181.866666666667,11.6666666666667,1.0641495601173
1992,"4",19.0079365079365,0,1
1992,"5",14.8333333333333,0,1
1992,"6",19.8333333333333,0.5,1.02521008403361
1992,"7",1,0,1
1992,"8",22.25,0,1
1992,"9",51.6190476190476,2.91666666666667,1.0565036900369
1992,"10",164.802380952381,3.83333333333333,1.02326018174726
1992,"11",8.66666666666667,0.25,1.02884615384615
1992,"12",36,0,1
1992,"13",105.452380952381,2,1.01896590652518
1992,"14",197.883333333333,30.9277777777778,1.15629298969651
1992,"15",43.2857142857143,6.36666666666667,1.14708470847085
1992,"16",51.5746753246753,10.8214285714286,1.20982058545798
1992,"17",63.7527777777778,3.86666666666667,1.06065095202823
1992,"18",32.3333333333333,1.66666666666667,1.05154639175258
1992,"19",67.35,12.1666666666667,1.18064835436773
1992,"20",51.8333333333333,4.91666666666667,1.09485530546624
1992,"21",41.8833333333333,0.666666666666667,1.01591723040191
1992,"23",87.6666666666667,4.5,1.05133079847909
1992,"24",25.5666666666667,0,1
1992,"25",171.666666666667,8,1.04660194174757
1992,"26",120.009523809524,4.4,1.03666375684469
1992,"27",80.3333333333333,8,1.09958506224066
1992,"28",135.15,12.8333333333333,1.0949562214823
1992,"29",86.5,0.888888888888889,1.01027617212588
1992,"30",33.9166666666667,1,1.02948402948403
1992,"31",94.6666666666667,4.16666666666667,1.04401408450704
1992,"32",50.6666666666667,4,1.07894736842105
1992,"33",59.1666666666667,4.66666666666667,1.07887323943662
1992,"34",62.5833333333333,5.25,1.08388814913449
1992,"35",122.166666666667,2,1.01637107776262
1993,"1",564.225,49.7170634920635,1.08811566926681
1993,"2",369.416666666667,20.6511904761905,1.05590216235378
1993,"3",150.959523809524,10.35,1.06856142453827
1993,"4",20.7555555555556,0,1
1993,"5",15.4666666666667,1,1.06465517241379
1993,"6",23.45,0.166666666666667,1.00710732054016
1993,"8",13.3333333333333,2.25,1.16875
1993,"9",39.65,3.66666666666667,1.09247583018075
1993,"10",169.152777777778,3.35833333333333,1.01985384678545
1993,"11",8.5,1.5,1.17647058823529
1993,"12",37.8333333333333,0,1
1993,"13",113.228354978355,2.5,1.02207927511159
1993,"14",129.503846153846,18.8916666666667,1.14587726332254
1993,"15",41.3238095238095,3.85,1.09316662825536
1993,"16",78.3204517704518,9.51785714285714,1.12152454343283
1993,"17",53.3428571428571,7.7,1.14434922335297
1993,"18",32.4909090909091,0,1
1993,"19",75.7277777777778,10.0833333333333,1.13315237326682
1993,"20",35.3333333333333,1,1.02830188679245
1993,"21",34.55,2.25,1.06512301013025
1993,"22",1,0,1
1993,"23",83.0833333333333,5.83333333333333,1.07021063189569
1993,"24",21.75,0.5,1.02298850574713
1993,"25",132.330952380952,7.39285714285714,1.05586642436892
1993,"26",110.333333333333,6.56666666666667,1.0595166163142
1993,"27",66.3222222222222,1.45,1.02186295861953
1993,"28",156.385714285714,11.35,1.07257696172467
1993,"29",117.30119047619,0.875,1.00745942983569
1993,"30",38.9166666666667,0.916666666666667,1.02355460385439
1993,"31",67.1666666666667,6.33333333333333,1.09429280397022
1993,"32",49.5,3.5952380952381,1.07263107263107
1993,"33",56.6666666666667,1,1.01764705882353
1993,"34",60.85,3.5,1.05751848808546
1993,"35",103.642857142857,3,1.0289455547898
1994,"1",653.281349206349,62.3087301587302,1.09537809434546
1994,"2",399.123448773449,21.725,1.05443178061014
1994,"3",200.075,9.83333333333333,1.04914823607814
1994,"4",23.1984126984127,0,1
1994,"5",16.6,0,1
1994,"6",30.1166666666667,1.7,1.05644714997233
1994,"7",1,0,1
1994,"8",14.3809523809524,1.33333333333333,1.09271523178808
1994,"9",38.5666666666667,0.666666666666667,1.01728608470182
1994,"10",164.666666666667,2.16666666666667,1.01315789473684
1994,"11",13.0333333333333,0.5,1.0383631713555
1994,"12",45,0,1
1994,"13",98.1666666666667,3.5,1.03565365025467
1994,"14",155.296703296703,24.9666666666667,1.16076752523823
1994,"15",50.6071428571429,8.10833333333333,1.16022112444131
1994,"16",71.9166666666667,21.8396825396825,1.30368040611378
1994,"17",80.0476190476191,5.11666666666667,1.06392028554432
1994,"18",43.9333333333333,2.5,1.05690440060698
1994,"19",78.4833333333333,7.15,1.09110214482905
1994,"20",44,3.16666666666667,1.0719696969697
1994,"21",24.6666666666667,0,1
1994,"23",66.6880952380952,9.61666666666667,1.14420364882716
1994,"24",36.0166666666667,0.125,1.00347061545581
1994,"25",177.666666666667,11.4166666666667,1.06425891181989
1994,"26",92.05,4.7,1.05105920695274
1994,"27",73.9166666666667,3.08333333333333,1.04171364148816
1994,"28",114.983333333333,7.23333333333333,1.06290766777794
1994,"29",100.341666666667,2.79166666666667,1.02782160950087
1994,"30",46.25,4.5,1.0972972972973
1994,"31",78.6666666666667,5,1.0635593220339
1994,"32",51.6666666666667,2,1.03870967741935
1994,"33",63.6166666666667,4,1.06287660466335
1994,"34",59.2833333333333,3,1.05060444194546
1994,"35",112.166666666667,0.5,1.00445765230312
1995,"1",661.747924297924,60.1000915750916,1.09082021925321
1995,"2",447.164285714286,27.45,1.06138683449675
1995,"3",183.309523809524,13.0333333333333,1.0711001428757
1995,"4",13.5333333333333,0,1
1995,"5",21.8333333333333,2.5,1.11450381679389
1995,"6",24.8452380952381,0.333333333333333,1.0134163871586
1995,"7",4,0,1
1995,"8",17.9,0,1
1995,"9",40.4492424242424,2.78333333333333,1.06881051823273
1995,"10",168.442857142857,11.7,1.06945975744212
1995,"11",12.1602564102564,0.666666666666667,1.05482340537691
1995,"12",41.5666666666667,0,1
1995,"13",126.066666666667,3.25,1.02578001057641
1995,"14",126.234035409035,22.4913614163614,1.17817192759055
1995,"15",75.6051066580478,9.34295051353875,1.12357565416574
1995,"16",63.0794372294372,13.8511904761905,1.21958329187069
1995,"17",76.9084987809126,5.86666666666667,1.07628112314842
1995,"18",34.7333333333333,4.33333333333333,1.12476007677543
1995,"19",71.7666666666667,14.0833333333333,1.19623780771017
1995,"20",43.7833333333333,1.08333333333333,1.02474305291207
1995,"21",47.3690476190476,3.33333333333333,1.07036943955768
1995,"23",77.1761904761905,5.83333333333333,1.07558462392793
1995,"24",25.25,1,1.03960396039604
1995,"25",184.447619047619,11,1.05963752775339
1995,"26",111.946428571429,7.33333333333333,1.06550752379433
1995,"27",84.0833333333333,4.16666666666667,1.04955401387512
1995,"28",146.609523809524,3,1.0204625178641
1995,"29",84.8,2,1.02358490566038
1995,"30",55.8,8.28333333333333,1.1484468339307
1995,"31",67.5,7.83333333333333,1.11604938271605
1995,"32",61.5595238095238,3.95,1.06416553858055
1995,"33",63.5333333333333,1,1.01573976915005
1995,"34",51.3928571428571,1.33333333333333,1.0259439425527
1995,"35",112.75,1.66666666666667,1.01478196600148
1996,"1",641.413744588745,74.1435897435897,1.11559401457967
1996,"2",417.166666666667,25.4166666666667,1.06092688773472
1996,"3",187.219047619048,11.5,1.06142537389358
1996,"4",31.275,0.2,1.00639488409273
1996,"5",10.5,0,1
1996,"6",48.2,1,1.0207468879668
1996,"7",0.611111111111111,0,1
1996,"8",14.6666666666667,6.66666666666667,1.45454545454545
1996,"9",50.3651515151515,1.08333333333333,1.02150958154087
1996,"10",164.174603174603,21.8452380952381,1.13306100744465
1996,"11",10.45,1.1,1.10526315789474
1996,"12",38.8333333333333,3,1.07725321888412
1996,"13",126.32619047619,4,1.03166405940781
1996,"14",201.552770840271,28.7555555555556,1.14267010786145
1996,"15",58.1064935064935,8.525,1.14671337892808
1996,"16",81.1424603174603,15.3873015873016,1.18963316526391
1996,"17",75.4154344193818,9.98333333333333,1.1323778535547
1996,"18",63.4857142857143,3.42857142857143,1.05400540054005
1996,"19",71.5873015873016,9.46666666666667,1.13223946784922
1996,"20",59.95,3.33333333333333,1.05560189046428
1996,"21",39.2738095238095,3.08333333333333,1.07850863898151
1996,"22",1,0,1
1996,"23",90.7928571428571,7.08333333333333,1.07801641622741
1996,"24",23.15,3.83333333333333,1.16558675305976
1996,"25",151.433333333333,9.80952380952381,1.06477783717493
1996,"26",111.997619047619,8.33333333333333,1.07440634367227
1996,"27",61.9166666666667,6.41666666666667,1.10363391655451
1996,"28",121.15,8.25,1.06809739991746
1996,"29",107.333333333333,2.83333333333333,1.02639751552795
1996,"30",46.35,5.41666666666667,1.11686443725279
1996,"31",60.0952380952381,11.2196078431373,1.18669711941829
1996,"32",47.5,5,1.10526315789474
1996,"33",62.1761904761905,4.83333333333333,1.07773608026346
1996,"34",61.6666666666667,2.16666666666667,1.03513513513513
1996,"35",123.416666666667,0.25,1.00202565833896
1997,"1",774.153571428571,70.7416666666667,1.09137937132567
1997,"2",486.541666666667,38.1361111111111,1.07838200451029
1997,"3",239.92619047619,10.5,1.04376345900029
1997,"4",25.7333333333333,1.5,1.05829015544041
1997,"5",19.0833333333333,0,1
1997,"6",43.147619047619,1.33333333333333,1.03090166648273
1997,"7",1.5,0,1
1997,"8",37.65,0,1
1997,"9",62.852380952381,4.78333333333333,1.07610425032199
1997,"10",223.875,15.3333333333333,1.06849060115392
1997,"11",15.2,0.666666666666667,1.04385964912281
1997,"12",38.75,2,1.05161290322581
1997,"13",173.481818181818,11.25,1.06484829429335
1997,"14",157.834523809524,25.1642857142857,1.15943460978572
1997,"15",71.45,5.25238095238095,1.07351127994935
1997,"16",82.1313492063492,21.0369047619048,1.25613733324959
1997,"17",58.377380952381,7.25,1.12419193670086
1997,"18",48.3345238095238,1.65,1.03413709021945
1997,"19",98.0055555555556,6.86904761904762,1.07008834938091
1997,"20",67.4166666666667,3.33333333333333,1.04944375772559
1997,"21",50.4642857142857,6.83333333333333,1.13540929464496
1997,"23",71.25,4.7,1.0659649122807
1997,"24",35.9166666666667,0.2,1.00556844547564
1997,"25",176.666666666667,10.6666666666667,1.06037735849057
1997,"26",146.830952380952,9.33333333333333,1.06356516239926
1997,"27",88.6,12.3666666666667,1.13957863054929
1997,"28",167.883333333333,10.5595238095238,1.06289798754804
1997,"29",106.8,7.59090909090909,1.0710759278175
1997,"30",70.3444444444444,6.66666666666667,1.09477175801611
1997,"31",94.6166666666667,11.5,1.12154306852211
1997,"32",58.4166666666667,2.5,1.04279600570613
1997,"33",87.6666666666667,1.5,1.0171102661597
1997,"34",66.4333333333333,1,1.01505268439538
1997,"35",131.259523809524,10,1.07618494803098
1998,"1",722.113644688645,61.7764652014652,1.08554950547722
1998,"2",448.03373015873,46.7414835164835,1.10432581381746
1998,"3",246.214285714286,13.1166666666667,1.05327337781646
1998,"4",44.2809523809524,0.285714285714286,1.00645230669965
1998,"5",19.6428571428571,0,1
1998,"6",68.6845238095238,2,1.02911864113008
1998,"7",7.33333333333333,0.666666666666667,1.09090909090909
1998,"8",45.3531746031746,0.285714285714286,1.00629976375886
1998,"9",87.2630952380952,1.95,1.02234621628627
1998,"10",217.766666666667,12.7285714285714,1.05845050403446
1998,"11",10.7261904761905,0,1
1998,"12",38.3333333333333,2.5,1.06521739130435
1998,"13",184.725974025974,5.41666666666667,1.02932271271123
1998,"14",184.329615705932,27.5539682539683,1.14948204686721
1998,"15",70.8762987012987,3.4547619047619,1.04874354287773
1998,"16",87.3990231990232,24.1928571428571,1.27680923947818
1998,"17",61.4571428571429,4.53571428571429,1.07380288238029
1998,"18",48.6166666666667,1.25,1.0257113472746
1998,"19",81.8833333333333,12.9166666666667,1.15774475880318
1998,"20",77.9333333333333,1.33333333333333,1.01710863986313
1998,"21",54.4166666666667,3.41666666666667,1.06278713629403
1998,"23",114.378571428571,5.7,1.04983450946106
1998,"24",23.7777777777778,0.5,1.02102803738318
1998,"25",184.408333333333,9.66666666666667,1.05241990148674
1998,"26",130.6,9.33333333333333,1.07146503318019
1998,"27",108.571825396825,19.6146825396825,1.18066088939733
1998,"28",144.391666666667,8.16666666666667,1.05655912737346
1998,"29",103.183333333333,5.18315018315018,1.05023243595364
1998,"30",71.5111111111111,8.06666666666667,1.11280298321939
1998,"31",104.05,3.41666666666667,1.03283677719045
1998,"32",75.7738095238095,5.01190476190476,1.06614296936371
1998,"33",99.4166666666667,8,1.08046940486169
1998,"34",75.5833333333333,4,1.0529217199559
1998,"35",146.44126984127,1.22222222222222,1.00834615968263
1999,"1",768.272927072927,75.5626984126984,1.09835397779873
1999,"2",463.628571428571,39.2595238095238,1.08467882746862
1999,"3",216.072294372294,15.9833333333333,1.0739721553833
1999,"4",69.4622180451128,0,1
1999,"5",20.9611111111111,0,1
1999,"6",103.007142857143,1.6,1.01553290340476
1999,"7",13.8333333333333,0,1
1999,"8",34.15,0.666666666666667,1.01952171791118
1999,"9",83.2142857142857,3.88333333333333,1.04666666666667
1999,"10",253.292857142857,13.6666666666667,1.0539559892088
1999,"11",21.9607142857143,0,1
1999,"12",58.9777777777778,2,1.03391107761869
1999,"13",203.397843822844,4.33333333333333,1.0213047161754
1999,"14",159.047161172161,29.6785714285714,1.18660233360874
1999,"15",92.0420995670996,5.71904761904762,1.06213512779419
1999,"16",132.505891330891,28.6753968253968,1.21640846710573
1999,"17",55.1008658008658,7.05833333333333,1.12809841062828
1999,"18",65.6678571428571,3.81666666666667,1.05812077373507
1999,"19",92.7222222222222,17.5769841269841,1.18956603612086
1999,"20",66.1333333333333,4.3,1.06502016129032
1999,"21",63.7107142857143,4.19285714285714,1.06581086383766
1999,"23",95.4761904761905,6.16666666666667,1.0645885286783
1999,"24",32.75,0,1
1999,"25",209.25,5.83333333333333,1.0278773397053
1999,"26",162.766666666667,11.8166666666667,1.07259881220561
1999,"27",68.6909090909091,22.1,1.32173107464267
1999,"28",129.833333333333,4.41666666666667,1.03401797175866
1999,"29",94.2976190476191,8.82142857142857,1.09354879434415
1999,"30",31.7666666666667,10.65,1.33525708289612
1999,"31",88.1666666666667,9.33333333333333,1.10586011342155
1999,"32",71.0333333333333,5,1.07038948850305
1999,"33",97.6111111111111,8,1.0819578827547
1999,"34",55.6722222222222,2,1.0359245584273
1999,"35",148.133333333333,5,1.03375337533753
2000,"1",832.590444277944,86.0277777777778,1.10332544454361
2000,"2",545.090909090909,42.677380952381,1.07829406112011
2000,"3",221.261904761905,13.8333333333333,1.06252017647692
2000,"4",71.2095238095238,1.5,1.02106459810084
2000,"5",25.5059523809524,0.666666666666667,1.02613768961494
2000,"6",118.878968253968,3.61111111111111,1.03037636651924
2000,"7",32.0833333333333,1.33333333333333,1.04155844155844
2000,"8",55.9071428571429,2,1.03577360419062
2000,"9",99.8845238095238,3.5,1.03504046339225
2000,"10",305.265873015873,13.3547619047619,1.04374796885359
2000,"11",10.1583333333333,0.892857142857143,1.08789405836165
2000,"12",57,2.75,1.04824561403509
2000,"13",244.492857142857,9,1.03681089134944
2000,"14",186.744444444444,29.8244227994228,1.15970714892295
2000,"15",91.1799635005517,8.16111111111111,1.08950553167376
2000,"16",167.935422910423,35.900468975469,1.21377544030492
2000,"17",52.6837301587302,5.06666666666667,1.09617137304821
2000,"18",44.1275613275613,3.97619047619048,1.0901067350329
2000,"19",73.6357142857143,6.5,1.08827238335435
2000,"20",52.7996031746032,14.5666666666667,1.27588591184097
2000,"21",40.8190476190476,1.7,1.04164722351843
2000,"22",1,0,1
2000,"23",99.8218253968254,9.16666666666667,1.0918302849124
2000,"24",27,5.83333333333333,1.21604938271605
2000,"25",199.47619047619,9.91666666666667,1.04971353544999
2000,"26",166.416666666667,7,1.04206309464196
2000,"27",89.0575757575758,16.3666666666667,1.18377624281194
2000,"28",142.907142857143,7.925,1.05545559054331
2000,"29",91.7409090909091,5.11904761904762,1.05579896329537
2000,"30",55.5833333333333,6,1.10794602698651
2000,"31",79.9833333333333,6.5,1.08126693061054
2000,"32",65.2666666666667,4.75,1.07277834525026
2000,"33",106.083333333333,6,1.05655930871956
2000,"34",76.875,4.66666666666667,1.06070460704607
2000,"35",128.059523809524,5.5,1.04294877754021
2001,"1",797.544230769231,91.8424603174603,1.11515657285726
2001,"2",486.126984126984,51.7023809523809,1.10635571083393
2001,"3",202.966666666667,16.8666666666667,1.08310067334538
2001,"4",80.0357142857143,3.83333333333333,1.04789528484308
2001,"5",47.9547619047619,1.5,1.03127947966834
2001,"6",120.575396825397,7.41666666666667,1.0615106137897
2001,"7",29.2333333333333,1.33333333333333,1.04561003420753
2001,"8",71.1685897435897,4.375,1.06147374868271
2001,"9",86.5928571428571,1.66666666666667,1.01924716104375
2001,"10",285.427777777778,12.4583333333333,1.04364793584678
2001,"11",15.8809523809524,0,1
2001,"12",85.5833333333333,3.83333333333333,1.04479065238559
2001,"13",233.273051948052,10.9833333333333,1.04708359256079
2001,"14",184.644874569875,24.7,1.13377029856658
2001,"15",84.7625652125652,9.75440115440115,1.11507911694201
2001,"16",190.128180969357,58.5527777777778,1.30796475030293
2001,"17",53.3652958152958,11.3746753246753,1.21314742382474
2001,"18",46.0801587301587,2.37301587301587,1.05149756290798
2001,"19",98.5134615384615,14.9,1.15124836511996
2001,"20",39.8357142857143,4.16666666666667,1.10459625844241
2001,"21",65.4857142857143,3.83333333333333,1.05853694008144
2001,"22",1.33333333333333,0,1
2001,"23",99.9214285714286,16.4333333333333,1.16446255391141
2001,"24",23.9666666666667,2.34285714285714,1.09775481819988
2001,"25",235.333333333333,11.3333333333333,1.04815864022663
2001,"26",145.703571428571,6.47619047619048,1.04444771265861
2001,"27",82.6666666666667,9.93333333333333,1.12016129032258
2001,"28",144,7.91666666666667,1.05497685185185
2001,"29",97.8,9.36904761904762,1.0957980329146
2001,"30",41.2,7,1.16990291262136
2001,"31",91.0833333333333,7.7,1.08453796889296
2001,"32",55.5333333333333,4.88333333333333,1.08793517406963
2001,"33",92.4833333333333,0.75,1.00810956929176
2001,"34",72.5166666666667,2.16666666666667,1.02987818892209
2001,"35",109.5,5,1.04566210045662
2002,"1",775.55275002775,92.4043734043734,1.11914647121175
2002,"2",474.816666666667,43.4583333333333,1.0915265541086
2002,"3",170.133333333333,14.1166666666667,1.08297413793103
2002,"4",77.5369047619048,1.625,1.02095776204879
2002,"5",16.9880952380952,0.111111111111111,1.00654052791404
2002,"6",130.806493506493,3.925,1.03000615561799
2002,"7",20.9722222222222,1.25,1.05960264900662
2002,"8",55.4098901098901,2.33333333333333,1.04211041257627
2002,"9",108.333333333333,1.7,1.01569230769231
2002,"10",299.461038961039,28.5984848484848,1.09549985182615
2002,"11",17.4666666666667,1.5,1.08587786259542
2002,"12",62.9444444444444,7.75,1.12312444836717
2002,"13",263.02380952381,5.53333333333333,1.02103738571558
2002,"14",204.561507936508,43.3573953823954,1.21195285378837
2002,"15",96.7515026238604,12.1146825396825,1.12521441229477
2002,"16",153.709315684316,41.2945970695971,1.2686538345822
2002,"17",69.6952380952381,12.2833333333333,1.17624350915551
2002,"18",44.1333333333333,6.43333333333333,1.14577039274924
2002,"19",61.3306998556999,18.9138888888889,1.30839186465163
2002,"20",36.875,3.23571428571429,1.08774818401937
2002,"21",80.9428571428571,6.91666666666667,1.08545122955642
2002,"22",2.5,0,1
2002,"23",93.7452380952381,13.3416666666667,1.14231833997917
2002,"24",13.1428571428571,2.33333333333333,1.17753623188406
2002,"25",211.873015873016,11.5,1.05427779442613
2002,"26",152.016666666667,6.2,1.04078500164456
2002,"27",108.826984126984,7,1.06432228234711
2002,"28",112.628571428571,17.9916666666667,1.15974336208354
2002,"29",85.225,8.33333333333333,1.09778038525472
2002,"30",50.75,2.33333333333333,1.04597701149425
2002,"31",76.719298245614,6.91666666666667,1.09015549965699
2002,"32",62.4166666666667,5.83333333333333,1.09345794392523
2002,"33",70.7845238095238,5,1.07063690946703
2002,"34",73.9,2.16666666666667,1.02931889941362
2002,"35",113.083333333333,2.5,1.02210759027266
2003,"1",732.998073168661,101.151262626263,1.13799662827079
2003,"2",436.508333333333,41.2,1.09438536874057
2003,"3",151.869047619048,11.7,1.0770400564396
2003,"4",86.3467712842713,0.5,1.00579060447268
2003,"5",35.5,0.333333333333333,1.0093896713615
2003,"6",103.535760971055,5.66666666666667,1.05473149193592
2003,"7",22.9587301587302,0.75,1.0326673119469
2003,"8",41.8,3.66666666666667,1.08771929824561
2003,"9",70.8214285714286,1.47619047619048,1.02084383930072
2003,"10",341.95119047619,22.6095238095238,1.06611915512866
2003,"11",27.0402375402375,1.11111111111111,1.04109102626993
2003,"12",64.3190476190476,3.73333333333333,1.05804397719701
2003,"13",292.900047175047,7.41666666666667,1.02532149358868
2003,"14",237.112644300144,58.1310966810967,1.24516236513947
2003,"15",89.2621914635072,14.1246031746032,1.15823724404501
2003,"16",158.499550025138,54.9039682539683,1.34639825946042
2003,"17",63.4845238095238,14.0333333333333,1.22105124983592
2003,"18",39.8833333333333,3.15,1.07898035938153
2003,"19",75.7261904761905,16.9642857142857,1.22402138028612
2003,"20",62.5515873015873,2.16666666666667,1.03463807650828
2003,"21",69.4607142857143,7.06666666666667,1.10173616466999
2003,"22",4.2,0,1
2003,"23",112.591666666667,21.0333333333333,1.1868107467989
2003,"24",27,1.83333333333333,1.0679012345679
2003,"25",188.6,16.0666666666667,1.08518911276069
2003,"26",159.952380952381,6.06666666666667,1.03792795474844
2003,"27",98.5928571428571,7.91666666666667,1.08029655388925
2003,"28",122.069841269841,19.5047619047619,1.15978362633933
2003,"29",89.2023809523809,1.75,1.01961831042306
2003,"30",35.7166666666667,4.65,1.13019132057863
2003,"31",84.25,7.75,1.0919881305638
2003,"32",62.4523809523809,6.83333333333333,1.1094166984369
2003,"33",82.35,7.7,1.09350333940498
2003,"34",83.8742424242424,1.25,1.01490326426649
2003,"35",134.5,5.33333333333333,1.03965303593556
2004,"1",802.469805194805,98.1751165501165,1.12234119703268
2004,"2",496.08373015873,37.8797619047619,1.07635759772376
2004,"3",202.541666666667,13.65,1.06739354042378
2004,"4",76.7742424242424,1,1.01302520179195
2004,"5",26.4595238095238,0,1
2004,"6",159.87619047619,5.2,1.03252516828498
2004,"7",25.2166666666667,2,1.07931262392597
2004,"8",49.55,2.03333333333333,1.0410359905819
2004,"9",63.5928571428571,3.31666666666667,1.05215470440675
2004,"10",370.981349206349,23.2857142857143,1.06276788397996
2004,"11",25.5107142857143,3.28333333333333,1.12870409258481
2004,"12",62.5416666666667,9.41666666666667,1.15056628914057
2004,"13",313.476470751471,8.80952380952381,1.02810266361748
2004,"14",284.220644078144,57.2249422799423,1.2013398515282
2004,"15",76.5311507936508,11.2416666666667,1.1468900774402
2004,"16",174.324866799867,55.405772005772,1.31783057129411
2004,"17",62.2011294261294,6.32222222222222,1.10164159848143
2004,"18",34.8920634920635,6.35470085470085,1.18212453545908
2004,"19",92.7214285714286,14.2095238095238,1.1532496212413
2004,"20",64.9301587301587,2.78571428571429,1.04290324157825
2004,"21",84.7535714285714,3.68333333333333,1.0434593288666
2004,"22",2.75,0,1
2004,"23",102.757575757576,5.86904761904762,1.05711547373299
2004,"24",19.0666666666667,0.142857142857143,1.00749250749251
2004,"25",218.733766233766,14.6666666666667,1.06705259512147
2004,"26",179.557142857143,8.26666666666667,1.04603919696608
2004,"27",111.011111111111,5.31666666666667,1.04789310379341
2004,"28",123.742063492063,16.825,1.13596831606965
2004,"29",89.9857142857143,10.2833333333333,1.11427739852887
2004,"30",65.5,8.08333333333333,1.1234096692112
2004,"31",93.95,7.45,1.0792974986695
2004,"32",62.7738095238095,8.14285714285714,1.12971742840888
2004,"33",90.0027777777778,4.03333333333333,1.04481343168421
2004,"34",87.5650793650794,2.83333333333333,1.03235688648805
2004,"35",128.826923076923,1.5,1.01164352888491
2005,"1",848.3082001332,123.054365079365,1.14505855897661
2005,"2",461.436111111111,27.5333333333333,1.05966878766171
2005,"3",189.88253968254,9.75,1.05134753314497
2005,"4",63.6333333333333,1.5,1.02357255107386
2005,"5",43.95,2,1.04550625711035
2005,"6",185.884482758621,7.73571428571429,1.04161570762073
2005,"7",25.8866666666667,1.16666666666667,1.04506824620139
2005,"8",62.0404761904762,3.4,1.05480293203362
2005,"9",72.7547619047619,1.33333333333333,1.01832640638806
2005,"10",418.851587301587,36.8019841269841,1.08786401972135
2005,"11",30.2357142857143,4.43333333333333,1.14662571856052
2005,"12",86.119298245614,6.96666666666667,1.0808955345502
2005,"13",349.726154401154,16.05,1.04589305031385
2005,"14",253.0123117079,81.2740759240759,1.32122577504413
2005,"15",110.301454937484,13.9,1.12601828332979
2005,"16",218.844470295786,81.4717254967255,1.37228139868743
2005,"17",72.1865079365079,5.17777777777778,1.07172777747238
2005,"18",50.6238095238095,3.58333333333333,1.07078355752046
2005,"19",97.3884920634921,16.6666666666667,1.17113589412393
2005,"20",55.2666666666667,3,1.05428226779252
2005,"21",82.3586996336996,12.9142857142857,1.15680536205311
2005,"22",3.1,1.5,1.48387096774194
2005,"23",115.056501831502,11.4833333333333,1.09980603573495
2005,"24",24.0666666666667,1,1.0415512465374
2005,"25",226.015151515152,13.5,1.05973050881545
2005,"26",151.780952380952,7.71904761904762,1.05085649745874
2005,"27",90.8333333333333,4.58333333333333,1.05045871559633
2005,"28",139.971428571429,13.0666666666667,1.09335238484044
2005,"29",77.3484848484848,8.63333333333333,1.11161606268364
2005,"30",46.35,5.66666666666667,1.12225818051061
2005,"31",89.5166666666667,7.16666666666667,1.08005957922175
2005,"32",82.1083333333333,8.33333333333333,1.10149193139145
2005,"33",102.816666666667,7.75,1.07537688442211
2005,"34",111.3,1.66666666666667,1.01497454327643
2005,"35",139.738095238095,3.91666666666667,1.0280286249787
2006,"1",901.171864246864,136.338275613276,1.15128998254647
2006,"2",529.803571428571,31.0333333333333,1.05857516824519
2006,"3",180.029761904762,11.4833333333333,1.0637857497107
2006,"4",69.822619047619,1.5,1.02148300966735
2006,"5",33.7166666666667,2.5,1.07414730598122
2006,"6",153.433874458874,9,1.05865719047858
2006,"7",22.7916666666667,0.95,1.04168190127971
2006,"8",54.2849567099567,3.41666666666667,1.06293947483318
2006,"9",63.9805555555556,3.23333333333333,1.05053618720966
2006,"10",440.654365079365,46.7833333333333,1.10616786543101
2006,"11",33.0571428571429,5.25,1.15881590319793
2006,"12",54.3928571428571,5.66666666666667,1.10418034580871
2006,"13",361.065675990676,22.202380952381,1.06149125333352
2006,"14",232.419497169497,74.9415445665446,1.32244086868449
2006,"15",85.9055555555556,13.679242979243,1.15923583627134
2006,"16",260.676426351426,85.2083333333333,1.32687395069035
2006,"17",85.5515873015873,10.2095238095238,1.11933763161557
2006,"18",58.5825396825397,8.82619047619048,1.15066247595307
2006,"19",102.099206349206,12.1246031746032,1.11875315791519
2006,"20",41.2166666666667,2.08333333333333,1.05054589567327
2006,"21",91.5267857142857,8.32619047619048,1.09096998666797
2006,"22",6.33333333333333,0,1
2006,"23",114.613888888889,13.9083333333333,1.12134945832626
2006,"24",33.5571428571429,3,1.08939974457216
2006,"25",277.022619047619,26.3428571428571,1.09509280228965
2006,"26",124.452380952381,6.81666666666667,1.05477329251961
2006,"27",92.9666666666667,3.61666666666667,1.03890283255647
2006,"28",114.308333333333,6.6,1.05773857257418
2006,"29",123.845136236313,6.25,1.05046625317666
2006,"30",49.8583333333333,1.25,1.02507103459803
2006,"31",95.6583333333333,5.66666666666667,1.05923860963499
2006,"32",73.475,7.91666666666667,1.10774639900193
2006,"33",144.605555555556,7.5,1.05186522724653
2006,"34",85.3416666666667,7.91666666666667,1.09276437847866
2006,"35",131.683333333333,6.33333333333333,1.04809517782559
2007,"1",895.862814962815,124.678968253968,1.13917194259162
2007,"2",459.956060606061,37.1,1.08065987857865
2007,"3",186.016666666667,13.4666666666667,1.07239494668936
2007,"4",65.3833333333333,3.5,1.0535304613816
2007,"5",51.9880952380952,0.5,1.00961758644378
2007,"6",189.405772005772,14.55,1.07681920062899
2007,"7",21.0435897435897,0.333333333333333,1.01584013646887
2007,"8",51.1655844155844,2.09090909090909,1.04086553715337
2007,"9",71.4369047619048,5.7452380952381,1.0804239505391
2007,"10",373.373448773449,43.9,1.11757665185946
2007,"11",24.421916971917,4.09798534798535,1.1677994955391
2007,"12",56.9621212121212,11,1.19311078600878
2007,"13",342.970249049196,9.80833333333333,1.02859820453968
2007,"14",228.206277056277,67.8534812409812,1.29733398272935
2007,"15",90.5670274170274,17.8030303030303,1.19657297816626
2007,"16",268.316378066378,84.9741452991453,1.31669384445151
2007,"17",102.897799422799,5.91666666666667,1.05750041983265
2007,"18",69.3547619047619,4.59285714285714,1.06622266469841
2007,"19",109.538888888889,4.53095238095238,1.04136387019179
2007,"20",50.4,1.28333333333333,1.02546296296296
2007,"21",99.6345238095238,15.4928571428571,1.15549687548541
2007,"22",3.5,0,1
2007,"23",112.100108225108,9.43333333333333,1.08415097436294
2007,"24",38.2965367965368,1.17424242424242,1.03066184366699
2007,"25",260.714862914863,28.9666666666667,1.11110477685396
2007,"26",150.034523809524,6.53333333333333,1.04354553317094
2007,"27",103.630952380952,4.92857142857143,1.04755887421022
2007,"28",105.311147186147,7.16666666666667,1.06805230840377
2007,"29",90.4380952380952,4.86666666666667,1.05381213142376
2007,"30",52.75,3.66666666666667,1.0695102685624
2007,"31",86.25,7.8,1.0904347826087
2007,"32",101.006349206349,3.75,1.03712637897979
2007,"33",130.841161616162,4.83333333333333,1.03694046486313
2007,"34",76.575,5.66666666666667,1.07400152356078
2007,"35",117.398412698413,4.5,1.03833101229026
2008,"1",990.091125541126,142.329437229437,1.1437538763431
2008,"2",487.519480519481,51.5690476190476,1.10577843487218
2008,"3",195.685714285714,16.7666666666667,1.08568160802064
2008,"4",55.0031746031746,7.16666666666667,1.13029550963869
2008,"5",51.152380952381,2.83333333333333,1.05539005771737
2008,"6",211.780158730159,6.38333333333333,1.03014131905278
2008,"7",22.1761904761905,3.75,1.16910027914967
2008,"8",88.9580086580087,3.64285714285714,1.04095030001022
2008,"9",64.1380952380952,2.5,1.03897839483258
2008,"10",383.145238095238,31.25,1.08156176011832
2008,"11",18.002380952381,2.78333333333333,1.15460917868007
2008,"12",71.9833333333333,8.08333333333333,1.11229451261866
2008,"13",406.721134421134,17.2,1.04228941784518
2008,"14",187.333954933955,60.6960317460317,1.32399909438431
2008,"15",83.8686465495289,17.9080086580087,1.21352447421973
2008,"16",277.483485958486,79.9150793650794,1.28799940684411
2008,"17",104.330375180375,7.5,1.07188702223138
2008,"18",72.6833333333333,8.15,1.11213024535657
2008,"19",98.8238095238095,12.5833333333333,1.12733098829085
2008,"20",67.8166666666667,4.83333333333333,1.07127058245269
2008,"21",91.2396825396825,13.1666666666667,1.14430855413093
2008,"22",1,0,1
2008,"23",126.1,14.4261904761905,1.11440277935123
2008,"24",25.1666666666667,0,1
2008,"25",285.423809523809,37,1.12963179232219
2008,"26",155.819444444444,13.5,1.08663873785542
2008,"27",122.26626984127,9.725,1.07953951660278
2008,"28",110.360256410256,4.77777777777778,1.04329255778472
2008,"29",79.1047619047619,9.62619047619048,1.12168914038045
2008,"30",73.45,5.75,1.0782845473111
2008,"31",120.077777777778,8.21666666666667,1.06842787082447
2008,"32",80.4,5.33333333333333,1.06633499170813
2008,"33",113.25,11.25,1.09933774834437
2008,"34",76.95,6.33333333333333,1.08230452674897
2008,"35",115.933333333333,1.25,1.0107820586544
2009,"1",1012.97623846741,123.87944359562,1.12229254635138
2009,"2",457.984645909646,54.9694444444444,1.12002464478971
2009,"3",213.87380952381,15.6650793650794,1.07324449590138
2009,"4",55.5428571428571,3.96666666666667,1.07141632373114
2009,"5",57.475,9.5,1.16528925619835
2009,"6",164.654761904762,13.7166666666667,1.08330561781505
2009,"7",17.325,0.916666666666667,1.05291005291005
2009,"8",92.5648351648352,2.93571428571429,1.0317152218819
2009,"9",68.7742063492064,4.65,1.06761255777187
2009,"10",429.905494505495,34.45,1.08013389091392
2009,"11",14.9357142857143,1.83333333333333,1.12274828630639
2009,"12",68.5833333333333,5.13333333333333,1.07484811664642
2009,"13",400.356784936197,16.35,1.04083857353037
2009,"14",162.992757242757,30.6347152847153,1.18795139000618
2009,"15",100.780924148315,13.2952380952381,1.13192216887863
2009,"16",222.73008070361,47.1380718954248,1.21163765462893
2009,"17",89.1396214896215,8.36904761904762,1.09388695486016
2009,"18",79.418253968254,3.93571428571429,1.04955679694605
2009,"19",88.3956349206349,15.602380952381,1.17650623773888
2009,"20",59.2253968253968,4.95,1.08357900943396
2009,"21",77.8111111111111,6.26666666666667,1.08053691275168
2009,"22",6.5,0,1
2009,"23",118.607936507937,16.675,1.14058924293725
2009,"24",40.1785714285714,6.53968253968254,1.16276543209877
2009,"25",272.844444444444,27.4678571428571,1.10067222441998
2009,"26",139.615476190476,12.3833333333333,1.08869599324676
2009,"27",150.893123543124,11.55,1.07654424355991
2009,"28",96.181746031746,10.7833333333333,1.1121141357714
2009,"29",103.24246031746,8.11904761904762,1.07864058638357
2009,"30",58.5809523809524,7.28571428571429,1.12437002113477
2009,"31",85.6166666666667,14.5,1.16935954837454
2009,"32",95.4214285714286,6,1.06287895800584
2009,"33",135.883333333333,7.525,1.05537838832332
2009,"34",87.3333333333333,4.7,1.05381679389313
2009,"35",143.338095238095,4.7,1.03278960831866
2010,"1",1103.77051004551,148.84816017316,1.13485426437695
2010,"2",511.78253968254,59.1833333333333,1.11564156403234
2010,"3",199.042857142857,19.5833333333333,1.09838752123257
2010,"4",63.875,2.66666666666667,1.04174820613177
2010,"5",31.9166666666667,7.83333333333333,1.24543080939948
2010,"6",187.697869674185,17.75,1.09456686978287
2010,"7",21.5416666666667,0.933333333333333,1.04332688588008
2010,"8",71.8839466089466,7.62222222222222,1.1060351105051
2010,"9",85.6769841269841,3.72619047619048,1.04349114892592
2010,"10",469.648015873016,57.3583333333333,1.1221304708947
2010,"11",34.7234848484849,2.81666666666667,1.08111705028908
2010,"12",59.5952380952381,4.34523809523809,1.07291250499401
2010,"13",418.054120879121,20.7357142857143,1.04960054990514
2010,"14",236.372623618212,23.7738095238095,1.10057767756646
2010,"15",112.239069264069,11.0547619047619,1.09849299336894
2010,"16",210.134308643713,42.1841787439614,1.20074864983369
2010,"17",104.478822055138,5.125,1.0490530032708
2010,"18",87.6844155844156,2.56666666666667,1.02927164022888
2010,"19",94.1464285714286,8.75,1.09294032851561
2010,"20",73.4261904761905,9.38333333333333,1.12779272998476
2010,"21",82.0893939393939,7.83333333333333,1.09542442643829
2010,"22",3.93809523809524,0,1
2010,"23",126.259126984127,11.1111111111111,1.08800243892474
2010,"24",35.0833333333333,6.41666666666667,1.18289786223278
2010,"25",255.459523809524,28.9345238095238,1.11326461185725
2010,"26",168.435714285714,4.08333333333333,1.02424268125468
2010,"27",131.58373015873,11.5166666666667,1.08752348525744
2010,"28",95.1837301587302,15.1833333333333,1.15951605708258
2010,"29",83.0551587301587,13.75,1.16555263044735
2010,"30",89.0952380952381,4,1.04489577765901
2010,"31",104.045238095238,9.25,1.08890363623882
2010,"32",83.6428571428571,12.4166666666667,1.14844861941361
2010,"33",158.219047619048,11.1285714285714,1.0703364834768
2010,"34",102.283333333333,8.66666666666667,1.08473195372332
2010,"35",147.033333333333,5.75,1.03910677850827
2011,"1",1063.08897213897,176.184645909646,1.16572897521
2011,"2",475.370779220779,50.8069264069264,1.10687852225627
2011,"3",220.578571428571,21.3666666666667,1.09686646589597
2011,"4",86.3285714285714,12.1833333333333,1.14112747531579
2011,"5",45.9761904761905,11,1.23925427239772
2011,"6",210.551800976801,13.8095238095238,1.06558729844845
2011,"7",29.343253968254,1.2,1.04089525999053
2011,"8",86.2409090909091,4.5,1.05217941284984
2011,"9",62.4073593073593,5.33333333333333,1.08546000652049
2011,"10",531.940909090909,100.042857142857,1.18807137302869
2011,"11",32.8238095238095,1.96190476190476,1.05977078195271
2011,"12",79.5952380952381,6.15952380952381,1.07738558181274
2011,"13",370.067658730159,19.7595238095238,1.05339435463592
2011,"14",250.889934411993,37.0878598525657,1.14782522040786
2011,"15",117.707034632035,15.3150793650794,1.13011184431717
2011,"16",236.911187995012,42.2174561549562,1.17819950384042
2011,"17",77.7099206349206,7.71666666666667,1.09930092070122
2011,"18",73.2166666666667,6.15,1.08399726838152
2011,"19",118.214405039405,10.4444444444444,1.08835170672274
2011,"20",69.7166666666667,4.61666666666667,1.0662204159694
2011,"21",74.825,10.25,1.13698630136986
2011,"22",16.325,0.5,1.03062787136294
2011,"23",127.482178932179,13.0166666666667,1.10210577490672
2011,"24",51.7761904761905,6.41666666666667,1.12393083785524
2011,"25",277.489285714286,17.3,1.06234474947553
2011,"26",168.966666666667,8.90238095238095,1.05268720232224
2011,"27",146.47380952381,10.95,1.07475739202523
2011,"28",87.1520562770563,11.1212121212121,1.12760699628082
2011,"29",94.818253968254,10.0595238095238,1.10609269195035
2011,"30",59.875,2.75,1.04592901878914
2011,"31",114.708333333333,18.95,1.16520159825645
2011,"32",82.5666666666667,11.5,1.13928138877675
2011,"33",154.92380952381,8.28571428571429,1.05348251060429
2011,"34",144.790476190476,10.9166666666667,1.07539630336118
2011,"35",145.75,5.16666666666667,1.03544882790166
2012,"1",1107.09751359751,159.579401154401,1.14414213670831
2012,"2",486.114971139971,51.152380952381,1.10522691953392
2012,"3",243.877380952381,10.7333333333333,1.04401118829232
2012,"4",127.69880952381,16.4,1.12842719568926
2012,"5",50.2666666666667,10,1.19893899204244
2012,"6",279.767243867244,15.9845238095238,1.05713507982053
2012,"7",42.3304945054945,1.5,1.03543544712914
2012,"8",85.4167748917749,0.8,1.00936584179177
2012,"9",90.2946988683831,4.16666666666667,1.04614519699257
2012,"10",554.6,74.8571428571429,1.13497501416722
2012,"11",67.097619047619,4.35,1.0648309144459
2012,"12",49.5416666666667,2.2,1.0444070647603
2012,"13",397.559632034632,14.8428571428571,1.03733492021535
2012,"14",248.935323500029,37.9824240302181,1.15257948729889
2012,"15",91.6590354090354,11.3488095238095,1.12381550245608
2012,"16",232.355815426404,41.090079773168,1.17684119374315
2012,"17",99.4337301587302,5.33333333333333,1.05363706384966
2012,"18",66.2035714285714,7.54285714285714,1.11393429357501
2012,"19",106.480086580087,8.56666666666667,1.08045322784579
2012,"20",64.5595238095238,14.0833333333333,1.21814493822607
2012,"21",88.5142857142857,11.5166666666667,1.13011082418765
2012,"22",7.1,0,1
2012,"23",129.39246031746,16.0166666666667,1.12378361635114
2012,"24",42.7571428571429,4.66666666666667,1.109143557189
2012,"25",234.088095238095,10.1785714285714,1.04348179867164
2012,"26",110.684523809524,16.1166666666667,1.14560903468674
2012,"27",216.720562770563,21.7484848484848,1.10035265952825
2012,"28",98.7380952380952,7.61666666666667,1.07714010127803
2012,"29",106.694047619048,12.0166666666667,1.11262733896433
2012,"30",80.6935897435897,2.68333333333333,1.03325336426177
2012,"31",92.681746031746,12.5,1.13487013932299
2012,"32",85.4202380952381,7.66666666666667,1.08975234484969
2012,"33",157.554761904762,5.6,1.03554319737657
2012,"34",156.569047619048,4.53333333333333,1.02895421159081
2012,"35",126.566666666667,7.5,1.05925730840137
2013,"1",1085.94452214452,137.221356421356,1.12636129528088
2013,"2",455.270418470418,36.2896825396825,1.07971017019205
2013,"3",225.671428571429,20.4047619047619,1.09041801185879
2013,"4",156.170475692889,6.59285714285714,1.04221577166623
2013,"5",53.4357142857143,2.83333333333333,1.05302321436528
2013,"6",285.87143967144,14.7087662337662,1.0514523810097
2013,"7",36.4833333333333,0.726190476190476,1.01990471839718
2013,"8",92.4086691086691,0,1
2013,"9",80.7033910533911,1.66666666666667,1.02065175508628
2013,"10",591.610714285714,57.0611111111111,1.09645043562134
2013,"11",56.5253968253968,2.83333333333333,1.05012496138833
2013,"12",61.6047619047619,4.29285714285714,1.06968385251604
2013,"13",376.247557997558,16.3230158730159,1.04338371246817
2013,"14",243.96004967255,32.752380952381,1.13425305084313
2013,"15",113.737365246167,16.5127705627706,1.14518333994313
2013,"16",239.22576035076,47.1585664335664,1.19712996779453
2013,"17",88.9436868686869,10.8333333333333,1.12179991312174
2013,"18",86.7337662337662,4.76785714285714,1.05497117616231
2013,"19",102.461904761905,4.46666666666667,1.0435934377469
2013,"20",74.0869047619048,8.97777777777778,1.12117901006433
2013,"21",88.4172077922078,12.5666666666667,1.14212919611983
2013,"22",10,0,1
2013,"23",122.196428571429,10.75,1.08797311120853
2013,"24",37.4166666666667,3.66666666666667,1.09799554565702
2013,"25",235.62619047619,10.4833333333333,1.0444913755646
2013,"26",168.67012987013,2.08333333333333,1.0123515250444
2013,"27",176.188095238095,20.102380952381,1.11409613643428
2013,"28",64.8,10.1666666666667,1.15689300411523
2013,"29",132.011111111111,14.15,1.1071879471425
2013,"30",57.681684981685,14.5952380952381,1.2530307167669
2013,"31",104.314285714286,18.9761904761905,1.18191363096868
2013,"32",108.6670995671,11.2678571428571,1.10369152381673
2013,"33",116.209523809524,5.06666666666667,1.0435994099328
2013,"34",172.652380952381,7.14285714285714,1.04137132140001
2013,"35",151.316666666667,6,1.0396519440467
2014,"1",927.88338050838,123.226623376623,1.132803998827
2014,"2",324.332142857143,48.4357142857143,1.1493398522238
2014,"3",170.777777777778,15,1.08783344176968
2014,"4",154.205447330447,4.33333333333333,1.02810103928461
2014,"5",37.6722222222222,1.33333333333333,1.03539300988055
2014,"6",249.15119047619,7.11071428571429,1.02853975641105
2014,"7",36.0777777777778,1,1.0277178934401
2014,"8",80.70888000888,1.8,1.02230237862057
2014,"9",95.1353174603175,8.25,1.08671858380502
2014,"10",607.511940836941,65.275,1.10744644773578
2014,"11",43.3021284271284,3.23571428571429,1.07472413951105
2014,"12",62.9361111111111,3.15,1.05005075694046
2014,"13",366.653899609163,23.0670995670996,1.06291246211124
2014,"14",219.467443667444,32.2678321678322,1.14702787633836
2014,"15",119.727442492148,8.0593253968254,1.06731393596212
2014,"16",225.603038628039,31.3543401043401,1.13898013207187
2014,"17",104.703571428571,8.76666666666667,1.08372843969938
2014,"18",75.1805555555556,3.53452380952381,1.04701380274999
2014,"19",108.408669108669,7.66666666666667,1.07072005153925
2014,"20",62.7023809523809,3.33333333333333,1.0531611923296
2014,"21",68.535588023088,3.80952380952381,1.05558460822194
2014,"22",4,1,1.25
2014,"23",99.5261904761905,18.05,1.18135929762446
2014,"24",35.85,5.33333333333333,1.1487680148768
2014,"25",277.710317460317,22.4666666666667,1.08089964705714
2014,"26",111.856349206349,3.93333333333333,1.03516414902901
2014,"27",174.361507936508,30.6690476190476,1.17589345252861
2014,"28",80.8666666666667,10.3,1.12737015663644
2014,"29",103.052380952381,11.1666666666667,1.10835913312694
2014,"30",45.2142857142857,7.81666666666667,1.17288046340179
2014,"31",119.15,13.25,1.11120436424675
2014,"32",108.639957264957,16.1666666666667,1.14880958234583
2014,"33",185.043253968254,19.0555555555556,1.10297892599113
2014,"34",194.232142857143,2.58333333333333,1.01330023597193
2014,"35",99.2833333333333,6,1.06043310391136
2015,"1",656.595726495726,69.8174603174603,1.10633249273503
2015,"2",212.329365079365,25.7333333333333,1.12119535761676
2015,"3",124.6,9.01666666666667,1.07236490101659
2015,"4",140.665476190476,8.9,1.06327067764622
2015,"5",42.5333333333333,0.333333333333333,1.00783699059561
2015,"6",267.370634920635,11.9666666666667,1.04475684725145
2015,"7",28.5333333333333,0.75,1.02628504672897
2015,"8",84.652841781874,0.583333333333333,1.0068908889655
2015,"9",83.4953463203463,1.66666666666667,1.01996119233127
2015,"10",566.646031746032,62.15,1.10968046455473
2015,"11",28.9394993894994,1,1.03455484791015
2015,"12",75.1984848484849,6.24761904761905,1.08308171448144
2015,"13",362.920318570319,32.2527777777778,1.08887013519892
2015,"14",185.244505494505,13.6550366300366,1.07371358515377
2015,"15",117.888235375735,5.76233766233766,1.04887966677906
2015,"16",197.507568003892,18.3092564298447,1.09270154361621
2015,"17",76.5630952380952,14.0785714285714,1.1838819523269
2015,"18",96.943253968254,3.8952380952381,1.04018059984363
2015,"19",111.38253968254,10.6666666666667,1.09576605720312
2015,"20",95.4353174603175,11.9444444444444,1.12515748637197
2015,"21",73.9325396825397,4.97619047619048,1.06730717621169
2015,"22",9.63888888888889,0,1
2015,"23",95.7428571428571,19.8888888888889,1.20773235186843
2015,"24",28.4583333333333,9.66666666666667,1.33967789165447
2015,"25",223.953907203907,28.95,1.12926767101965
2015,"26",138.452380952381,10.7857142857143,1.07790197764402
2015,"27",150.703968253968,26.2261904761905,1.17402455144375
2015,"28",88,24.2,1.275
2015,"29",111.105555555556,12.9444444444444,1.11650582529126
2015,"30",63.85,6.1,1.09553641346907
2015,"31",103.252380952381,13.2833333333333,1.12864917216252
2015,"32",103.735714285714,9.33333333333333,1.08997222796025
2015,"33",159.946031746032,13.6944444444444,1.08561915725542
2015,"34",202.349242424242,2.26666666666667,1.01120175514131
2015,"35",143.911111111111,7.5,1.05211550339716
2016,"1",420.161471861472,44.793253968254,1.10660961789239
2016,"2",142.811111111111,17.0666666666667,1.11950517388936
2016,"3",62.8916666666667,5.61666666666667,1.08930700940771
2016,"4",138.977777777778,3.81904761904762,1.02747955594134
2016,"5",30.1142857142857,1.2,1.03984819734345
2016,"6",230.970970695971,10.4815476190476,1.04538036787681
2016,"7",33.1357142857143,0,1
2016,"8",87.8880952380952,3.1,1.03527212635115
2016,"9",66.4571428571429,2.16666666666667,1.03260246488965
2016,"10",525.215476190476,53.5678571428571,1.10199215288056
2016,"11",14.6318181818182,2.58333333333333,1.17655586621104
2016,"12",41.3,1.2,1.02905569007264
2016,"13",304.973412698413,14.8428571428571,1.04866934796554
2016,"14",102.60376903798,10.571679197995,1.10303402396536
2016,"15",83.895695970696,3.85119047619048,1.04590450596578
2016,"16",152.770494782995,17.4369047619048,1.11413790854493
2016,"17",61.6154761904762,6.08333333333333,1.09873060648801
2016,"18",60.1571428571429,3.7452380952381,1.06225757935566
2016,"19",70.2666666666667,7.8952380952381,1.11236107346164
2016,"20",53.6464285714286,2.25,1.04194128220491
2016,"21",45.5166666666667,1.83333333333333,1.040278286342
2016,"22",5.5,0,1
2016,"23",80.7333333333333,10.0666666666667,1.12469033856317
2016,"24",32,0.583333333333333,1.01822916666667
2016,"25",182.791666666667,18.625,1.10189195349897
2016,"26",105.361904761905,2.83333333333333,1.02689143993492
2016,"27",95.5583333333333,5.08333333333333,1.05319612801953
2016,"28",59.5333333333333,13.2,1.22172452407615
2016,"29",96.302380952381,9.58333333333333,1.0995129428635
2016,"30",46.9142857142857,5.9,1.12576126674787
2016,"31",72.7222222222222,14.5166666666667,1.19961802902979
2016,"32",88.3333333333333,7.83333333333333,1.08867924528302
2016,"33",112.52380952381,8.60833333333333,1.07650232754972
2016,"34",138.904365079365,3.33333333333333,1.02399732601224
2016,"35",140.028571428571,4.91666666666667,1.03511188192886
2017,"1",164.317857142857,39.3837301587302,1.23968015919591
2017,"2",68.2496031746032,5.41666666666667,1.07936554081947
2017,"3",39.4825757575758,0.833333333333333,1.02110635685093
2017,"4",107.150541125541,4.42619047619048,1.04130814860752
2017,"5",31.3833333333333,1,1.03186404673394
2017,"6",138.316810966811,8.06666666666667,1.05832021870864
2017,"7",25.1166666666667,0,1
2017,"8",33.5238095238095,1.91666666666667,1.05717329545455
2017,"9",38.2333333333333,0.5,1.01307759372275
2017,"10",341.861904761905,31.452380952381,1.09200317588556
2017,"11",10.2833333333333,0.6,1.05834683954619
2017,"12",38.2357142857143,1.58333333333333,1.04140980135749
2017,"13",147.127777777778,8.78333333333333,1.05969867462146
2017,"14",28.5621212121212,5.40530303030303,1.18924725478754
2017,"15",22.6222222222222,1.73333333333333,1.07662082514735
2017,"16",31.25,4.6,1.1472
2017,"17",40.3111111111111,0.666666666666667,1.01653803748622
2017,"18",13.575,1,1.07366482504604
2017,"19",17.2833333333333,1.5,1.08678881388621
2017,"20",23.925,3.58333333333333,1.14977359804946
2017,"21",28.8,1.66666666666667,1.05787037037037
2017,"22",3.33333333333333,0,1
2017,"23",56.05,3.41666666666667,1.06095747844187
2017,"24",22.0416666666667,2,1.09073724007561
2017,"25",69.0205627705628,6.41666666666667,1.09296746373971
2017,"26",89.05,2.25,1.02526670409882
2017,"27",76.1880952380952,6.23333333333333,1.08181505672052
2017,"28",27.7,6.9,1.24909747292419
2017,"29",49.3833333333333,4.83333333333333,1.09787377657779
2017,"30",38.25,4.41666666666667,1.11546840958606
2017,"31",78.6230158730159,9.08333333333333,1.11553020743956
2017,"32",49.8277777777778,8,1.16055301594381
2017,"33",57.6833333333333,2.83333333333333,1.04911875180584
2017,"34",37.3833333333333,1.83333333333333,1.04904146232724
2017,"35",90.3785714285714,3.75,1.04149213625227
2018,"1",22.1444444444444,1.91666666666667,1.08655293527346
2018,"2",11.8190476190476,0.916666666666667,1.07755842062853
2018,"3",9.61666666666667,0,1
2018,"4",14.625,1,1.06837606837607
2018,"5",1.55,0,1
2018,"6",29.0321428571429,1.25,1.04305572641161
2018,"7",0.5,0,1
2018,"8",9.09444444444444,1,1.10995723885156
2018,"9",5.17424242424242,0,1
2018,"10",20.497619047619,1.53571428571429,1.07492159368103
2018,"12",1.66666666666667,3,2.8
2018,"13",10.3111111111111,0,1
2018,"14",1.1,0,1
2018,"15",3.25,0,1
2018,"16",7.625,2.25,1.29508196721311
2018,"18",1,0,1
2018,"19",2,0,1
2018,"21",0.833333333333333,0,1
2018,"23",0.45,0,1
2018,"25",1,0,1
2018,"26",2.55,1.25,1.49019607843137
2018,"28",5.5,0,1
2018,"29",2.6,0,1
2018,"30",3.83333333333333,0.5,1.1304347826087
2018,"31",2.16666666666667,1.33333333333333,1.61538461538462
2018,"32",2.11666666666667,0,1
2018,"33",2.33333333333333,0,1
2018,"34",1.75,0,1
2018,"35",6,0,1
2019,"1",0.666666666666667,0,1
2019,"4",1,0,1
2019,"6",1.25,0,1
2019,"8",1.25,0,1
2019,"9",1.4,0,1
2019,"10",0.5,0,1
2019,"13",1.33333333333333,0,1
2019,"16",1.6,0.5,1.3125
