"p_year","tech_field","Swiss_based","commuters","share","tech_name"
1990,"1",523.322655122655,31.4,1.06000122427843,"Electrical machinery, apparatus, energy"
1994,"1",658.664682539683,57.0051587301587,1.08654655432618,"Electrical machinery, apparatus, energy"
2018,"1",13.7833333333333,1.83333333333333,1.13301088270859,"Electrical machinery, apparatus, energy"
2003,"1",783.726803751804,92.963961038961,1.11861781502678,"Electrical machinery, apparatus, energy"
1998,"1",757.363644688645,57.6931318681319,1.07617626258236,"Electrical machinery, apparatus, energy"
2010,"1",1142.22281329781,127.366810966811,1.11150785073105,"Electrical machinery, apparatus, energy"
2000,"1",824.240588578089,89.0940698190698,1.10809231073268,"Electrical machinery, apparatus, energy"
2002,"1",763.573781773782,86.3377067377067,1.11307054903999,"Electrical machinery, apparatus, energy"
1995,"1",670.574511599512,68.8667582417582,1.10269814472592,"Electrical machinery, apparatus, energy"
2007,"1",939.032259407259,117.136111111111,1.12474130674174,"Electrical machinery, apparatus, energy"
2009,"1",1053.24501136119,107.497481113658,1.10206312866816,"Electrical machinery, apparatus, energy"
1999,"1",811.219380619381,85.6496031746032,1.10558130786916,"Electrical machinery, apparatus, energy"
2001,"1",805.614865689866,83.9811660561661,1.10424480683366,"Electrical machinery, apparatus, energy"
2016,"1",467.266630591631,37.7896825396825,1.08087391665832,"Electrical machinery, apparatus, energy"
1992,"1",571.679761904762,50.3916666666667,1.08814666886015,"Electrical machinery, apparatus, energy"
2008,"1",997.028449328449,123.355952380952,1.12372360333754,"Electrical machinery, apparatus, energy"
2019,"1",2,0.5,1.25,"Electrical machinery, apparatus, energy"
2013,"1",1126.03652458652,119.585245310245,1.10620014777421,"Electrical machinery, apparatus, energy"
2015,"1",723.701326451326,66.8579365079365,1.09238332729853,"Electrical machinery, apparatus, energy"
2011,"1",1089.85733433233,157.414016539017,1.14443543350144,"Electrical machinery, apparatus, energy"
1997,"1",817.468650793651,69.3464285714286,1.08483068861919,"Electrical machinery, apparatus, energy"
1993,"1",579.019011544012,45.8492063492063,1.07918428485957,"Electrical machinery, apparatus, energy"
2012,"1",1133.34896214896,133.904365079365,1.11814928107003,"Electrical machinery, apparatus, energy"
2005,"1",872.91003996004,113.709992784993,1.13026541977934,"Electrical machinery, apparatus, energy"
2004,"1",842.11461038961,79.0322594072594,1.09384976632895,"Electrical machinery, apparatus, energy"
2006,"1",902.208677433677,129.289069264069,1.14330284389619,"Electrical machinery, apparatus, energy"
2017,"1",171.944444444444,37.7944444444444,1.21980613893376,"Electrical machinery, apparatus, energy"
1996,"1",683.880411255411,77.2,1.11288523363066,"Electrical machinery, apparatus, energy"
1991,"1",558.5670995671,35.15,1.06292887645413,"Electrical machinery, apparatus, energy"
2014,"1",1022.05499941235,114.900646575647,1.11242119713881,"Electrical machinery, apparatus, energy"
1994,"10",163.166666666667,2.16666666666667,1.01327885597549,"Measurement"
2008,"10",380.083333333333,28.0833333333333,1.07388730541548,"Measurement"
2014,"10",605.68575036075,61.1511904761905,1.10096191042924,"Measurement"
2010,"10",472.281349206349,48.0833333333333,1.10181078167524,"Measurement"
1992,"10",168.802380952381,5,1.02962043527935,"Measurement"
2013,"10",590.19246031746,56.3111111111111,1.09541143761956,"Measurement"
2003,"10",340.95119047619,20.2166666666667,1.05929489977269,"Measurement"
2015,"10",566.862698412698,60.3166666666667,1.1064043671167,"Measurement"
2009,"10",431.226923076923,27.8833333333333,1.06466046492269,"Measurement"
2012,"10",551.905555555556,62.9404761904762,1.11404211383072,"Measurement"
2007,"10",377.613924963925,43.4833333333333,1.11515288621172,"Measurement"
2017,"10",333.947619047619,29.4166666666667,1.08808766701365,"Measurement"
1990,"10",190.908333333333,5.66666666666667,1.02968265747086,"Measurement"
2002,"10",293.919372294372,25.5984848484848,1.087093561233,"Measurement"
2001,"10",287.4,10.4583333333333,1.03638946880074,"Measurement"
2018,"10",16.5333333333333,1,1.06048387096774,"Measurement"
1996,"10",164.34126984127,21.2619047619048,1.12937653933452,"Measurement"
2011,"10",526.465909090909,92.0095238095238,1.17476824656777,"Measurement"
2005,"10",422.168253968254,36.9353174603175,1.08748956633555,"Measurement"
1991,"10",186.366666666667,1,1.0053657664103,"Measurement"
2000,"10",308.561507936508,12.7119047619048,1.04119731215638,"Measurement"
1995,"10",168.442857142857,10.8666666666667,1.06451248127103,"Measurement"
2004,"10",378.171825396825,22.952380952381,1.06069299564635,"Measurement"
2006,"10",446.541666666667,47.9333333333333,1.10734347298684,"Measurement"
2016,"10",523.320238095238,50.1964285714286,1.09591914265371,"Measurement"
1999,"10",253.959523809524,13.1666666666667,1.05184553219017,"Measurement"
1993,"10",171.152777777778,3.85833333333333,1.02254321188022,"Measurement"
1998,"10",210.433333333333,12.2285714285714,1.05811138014528,"Measurement"
1997,"10",237.041666666667,14.1666666666667,1.05976445772544,"Measurement"
1994,"11",12.6666666666667,0.5,1.03947368421053,"Analysis of biological materials"
1996,"11",11.7833333333333,1.43333333333333,1.12164073550212,"Analysis of biological materials"
2014,"11",42.0051587301587,3.23571428571429,1.07703135480336,"Analysis of biological materials"
2015,"11",28.8561660561661,1,1.03465463839006,"Analysis of biological materials"
2006,"11",30.7238095238095,5.25,1.17087724736516,"Analysis of biological materials"
2009,"11",15.852380952381,1.83333333333333,1.11565034544908,"Analysis of biological materials"
2003,"11",28.5363159716101,1.11111111111111,1.03893673984464,"Analysis of biological materials"
2013,"11",57.7723665223665,2.7,1.04673514627369,"Analysis of biological materials"
1991,"11",6.2,1,1.16129032258065,"Analysis of biological materials"
1995,"11",13.3269230769231,0.666666666666667,1.05002405002405,"Analysis of biological materials"
2007,"11",24.24884004884,4.02106227106227,1.16582493277878,"Analysis of biological materials"
2002,"11",15.7666666666667,1.16666666666667,1.07399577167019,"Analysis of biological materials"
2001,"11",17.547619047619,0,1,"Analysis of biological materials"
2005,"11",33.752380952381,4.23333333333333,1.12542325056433,"Analysis of biological materials"
1990,"11",2,0,1,"Analysis of biological materials"
2008,"11",17.5857142857143,2.78333333333333,1.15827240725697,"Analysis of biological materials"
2012,"11",67.4642857142857,3.65,1.05410269984119,"Analysis of biological materials"
1992,"11",9.08333333333333,0.25,1.02752293577982,"Analysis of biological materials"
1998,"11",9.72619047619048,0,1,"Analysis of biological materials"
2000,"11",10.3666666666667,0.892857142857143,1.08612769866789,"Analysis of biological materials"
2017,"11",8.98333333333333,0.4,1.04452690166976,"Analysis of biological materials"
2010,"11",35.2234848484849,2.56666666666667,1.07286805032799,"Analysis of biological materials"
1999,"11",22.702380952381,0,1,"Analysis of biological materials"
2016,"11",14.4651515151515,2.58333333333333,1.17859013302608,"Analysis of biological materials"
2011,"11",31.7166666666667,1.12857142857143,1.03558291419563,"Analysis of biological materials"
1993,"11",8.7,1.5,1.17241379310345,"Analysis of biological materials"
1997,"11",14.6761904761905,0.666666666666667,1.04542504866969,"Analysis of biological materials"
2004,"11",23.9511904761905,2.53333333333333,1.10577066454595,"Analysis of biological materials"
1994,"12",45,0,1,"Control"
2014,"12",60.1011904761905,3.29285714285714,1.05478855105477,"Control"
2006,"12",53.3928571428571,3.66666666666667,1.06867335562988,"Control"
2011,"12",79.6369047619048,6.15952380952381,1.07734509305628,"Control"
1998,"12",39.3333333333333,2.5,1.0635593220339,"Control"
2008,"12",71.4,7.33333333333333,1.10270774976657,"Control"
2009,"12",72.8333333333333,4.63333333333333,1.06361556064073,"Control"
1991,"12",30.4166666666667,0.333333333333333,1.01095890410959,"Control"
1999,"12",62.0888888888889,1,1.01610594130279,"Control"
2013,"12",56.7492063492063,3.29285714285714,1.05802472588946,"Control"
2001,"12",85.75,2.75,1.03206997084548,"Control"
2002,"12",63.6666666666667,5.33333333333333,1.08376963350785,"Control"
2005,"12",86.4526315789474,6.63333333333333,1.07672795162141,"Control"
1995,"12",41.5666666666667,0,1,"Control"
2012,"12",49.05,2.2,1.04485219164118,"Control"
1992,"12",36,0,1,"Control"
2018,"12",1,3,4,"Control"
2010,"12",59.9285714285714,4.09523809523809,1.06833531982519,"Control"
2017,"12",38.2023809523809,1.58333333333333,1.04144593331256,"Control"
2003,"12",64.3190476190476,3.73333333333333,1.05804397719701,"Control"
2000,"12",57.75,2.5,1.04329004329004,"Control"
2016,"12",41.3,0.95,1.02300242130751,"Control"
1996,"12",38.8333333333333,3,1.07725321888412,"Control"
1993,"12",37.8333333333333,0,1,"Control"
1997,"12",39.75,2,1.05031446540881,"Control"
2007,"12",57.3787878787879,10.5,1.18299445471349,"Control"
1990,"12",22.5,0,1,"Control"
2015,"12",74.7556277056277,6.3547619047619,1.0850071372524,"Control"
2004,"12",63.5416666666667,5.66666666666667,1.08918032786885,"Control"
2018,"13",2.5,0,1,"Medical technology"
2008,"13",402.745340770341,13.7,1.0340165325657,"Medical technology"
2012,"13",391.686616161616,12.3833333333333,1.03161541094941,"Medical technology"
1994,"13",99.5833333333333,2.5,1.02510460251046,"Medical technology"
2014,"13",352.043002173265,18.8170995670996,1.05345113935211,"Medical technology"
1995,"13",127.983333333333,3.41666666666667,1.02669618439901,"Medical technology"
1991,"13",98.15,2.5,1.0254712175242,"Medical technology"
1993,"13",113.561688311688,1.5,1.01320867998971,"Medical technology"
2013,"13",352.358211233211,13.8301587301587,1.03925028079168,"Medical technology"
2006,"13",337.2501998002,21.3690476190476,1.06336259439344,"Medical technology"
2009,"13",414.378610333022,14.6,1.03523347884261,"Medical technology"
2001,"13",233.906385281385,6.95,1.02971274166645,"Medical technology"
2019,"13",0.333333333333333,0,1,"Medical technology"
2005,"13",346.061471861472,15.1666666666667,1.04382651031646,"Medical technology"
2011,"13",368.850396825397,16.6166666666667,1.04504988149581,"Medical technology"
1998,"13",203.975974025974,5.31666666666667,1.02606516131155,"Medical technology"
2007,"13",354.314891906339,11.8083333333333,1.03332722841482,"Medical technology"
2017,"13",132.263492063492,8.61666666666667,1.0651477330005,"Medical technology"
2010,"13",430.019597069597,17.3785714285714,1.04041344056643,"Medical technology"
2002,"13",266.242063492063,4.78333333333333,1.01796610674735,"Medical technology"
2004,"13",329.576470751471,6.14285714285714,1.01863863985451,"Medical technology"
1992,"13",106.985714285714,1.5,1.01402056349312,"Medical technology"
2000,"13",259.584523809524,7.83333333333333,1.03017642661579,"Medical technology"
1999,"13",220.247843822844,5,1.02270169783829,"Medical technology"
1997,"13",177.808008658009,9.88333333333333,1.05558429796232,"Medical technology"
2015,"13",331.718578643579,29.4194444444444,1.08868796123733,"Medical technology"
1990,"13",93.3333333333333,2,1.02142857142857,"Medical technology"
2003,"13",330.769491619492,6.91666666666667,1.02091083622254,"Medical technology"
1996,"13",133.47619047619,3.7,1.02772029967892,"Medical technology"
2016,"13",275.092063492064,14.1761904761905,1.05153253167771,"Medical technology"
2018,"14",1.1,0,1,"Organic fine chemistry"
2016,"14",99.5284859876965,10.1686488949647,1.1021682264535,"Organic fine chemistry"
2009,"14",165.943367743368,29.7323343323343,1.17917157363177,"Organic fine chemistry"
2005,"14",256.171835517424,73.4117743367743,1.28657238680628,"Organic fine chemistry"
2007,"14",227.749134199134,66.5415154290154,1.29217022344785,"Organic fine chemistry"
2008,"14",192.112526362526,58.4126984126984,1.30405460548924,"Organic fine chemistry"
2006,"14",232.939338439338,72.9832112332112,1.31331423761306,"Organic fine chemistry"
1995,"14",127.753815628816,21.2913614163614,1.16665929946251,"Organic fine chemistry"
2017,"14",23.5651515151515,3.33333333333333,1.1414518099402,"Organic fine chemistry"
1993,"14",129.503846153846,18.3916666666667,1.14201637413006,"Organic fine chemistry"
2003,"14",240.640422077922,57.0314935064935,1.23699880931902,"Organic fine chemistry"
1990,"14",168.74595959596,24.0742424242424,1.14266559319041,"Organic fine chemistry"
1999,"14",160.273351648352,28.8690476190476,1.18012381548236,"Organic fine chemistry"
1994,"14",155.96336996337,24.5666666666667,1.15751561839448,"Organic fine chemistry"
2000,"14",183.043253968254,30.1577561327561,1.16475753942828,"Organic fine chemistry"
2013,"14",241.487827450327,29.8896825396825,1.1237730400545,"Organic fine chemistry"
1996,"14",203.686958874459,28.5555555555556,1.14019334233939,"Organic fine chemistry"
1991,"14",188.61746031746,20.9857142857143,1.11126071918471,"Organic fine chemistry"
2012,"14",253.441232786821,37.8872326203209,1.14949119448211,"Organic fine chemistry"
1992,"14",198.883333333333,31.9277777777778,1.16053521048074,"Organic fine chemistry"
2002,"14",202.24126984127,42.274062049062,1.20902787092981,"Organic fine chemistry"
2011,"14",250.54001358119,36.2274957069075,1.14459764406123,"Organic fine chemistry"
2015,"14",177.747710622711,13.0121794871795,1.07320589076277,"Organic fine chemistry"
2004,"14",285.786834554335,54.6837518037518,1.19134454492639,"Organic fine chemistry"
2010,"14",238.191671237259,21.2527472527473,1.08922540046154,"Organic fine chemistry"
2001,"14",185.467096792097,23.7428571428571,1.12801654608026,"Organic fine chemistry"
2014,"14",216.056729381729,31.1190226440226,1.14403172135889,"Organic fine chemistry"
1998,"14",188.812949039265,27.0539682539683,1.14328449606675,"Organic fine chemistry"
1997,"14",158.134523809524,24.497619047619,1.15491632350395,"Organic fine chemistry"
1992,"15",44.1190476190476,4.03333333333333,1.09141932002159,"Biotechnology"
2003,"15",91.7099728487886,14.5912698412698,1.15910232429496,"Biotechnology"
1993,"15",43.1904761904762,2.65,1.06135611907387,"Biotechnology"
1999,"15",94.3587662337662,4.95238095238095,1.05248458781362,"Biotechnology"
2000,"15",82.8053603259486,6.56111111111111,1.07923534280009,"Biotechnology"
2013,"15",115.170698579501,15.3127705627706,1.13295717358353,"Biotechnology"
1994,"15",50.7238095238095,8.06785714285714,1.15905463762674,"Biotechnology"
2009,"15",100.577893845285,12.4619047619048,1.12390301969411,"Biotechnology"
1991,"15",60.1587301587302,4.31666666666667,1.07175461741425,"Biotechnology"
2012,"15",92.3733211233211,11.8142857142857,1.12789716306198,"Biotechnology"
2007,"15",94.6432178932179,18.369696969697,1.1940941715488,"Biotechnology"
2001,"15",81.0419302919303,6.15440115440115,1.07594094973098,"Biotechnology"
2008,"15",85.2781703590527,14.741341991342,1.17286184646405,"Biotechnology"
2004,"15",75.8384920634921,8.40833333333333,1.11087157859486,"Biotechnology"
1990,"15",52.3404761904762,3.08333333333333,1.05890915707592,"Biotechnology"
2005,"15",108.449427910457,12.9027777777778,1.11897506539574,"Biotechnology"
2010,"15",114.800432900433,10.3880952380952,1.090488293255,"Biotechnology"
1996,"15",68.1350649350649,8.44166666666667,1.12389606841517,"Biotechnology"
2017,"15",20.8460317460317,1.33333333333333,1.06396101423894,"Biotechnology"
1995,"15",79.0281835811248,9.00961718020542,1.11400511528848,"Biotechnology"
2002,"15",90.1774257203717,13.5480158730159,1.15023733229008,"Biotechnology"
2015,"15",114.958473470973,5.83376623376623,1.05074672668857,"Biotechnology"
2014,"15",111.615140904847,7.71646825396825,1.06913460119668,"Biotechnology"
2006,"15",84.5111111111111,11.5681318681319,1.13688296977805,"Biotechnology"
2016,"15",78.4790293040293,1.75952380952381,1.02242030546412,"Biotechnology"
2018,"15",1,0,1,"Biotechnology"
1997,"15",80.9075396825397,3.3952380952381,1.04196442146875,"Biotechnology"
1998,"15",78.0834415584416,2.6547619047619,1.03399903810304,"Biotechnology"
2011,"15",118.855844155844,14.0412698412698,1.11813697459301,"Biotechnology"
2006,"16",260.625885225885,87.7107142857143,1.33653876785759,"Pharmaceuticals"
2003,"16",163.043597644186,53.4444444444444,1.32779235257724,"Pharmaceuticals"
1996,"16",87.9281746031746,16.4984126984127,1.18763510982539,"Pharmaceuticals"
1993,"16",81.1454517704518,9.72619047619048,1.11986119078743,"Pharmaceuticals"
1995,"16",64.8377705627706,15.4345238095238,1.23804834243308,"Pharmaceuticals"
2007,"16",270.081854256854,86.9336691086691,1.32187897016581,"Pharmaceuticals"
2000,"16",164.730011655012,38.1795898545899,1.23177069843562,"Pharmaceuticals"
2014,"16",213.650260850261,29.2265623265623,1.13679628665207,"Pharmaceuticals"
1999,"16",142.004700854701,27.5920634920635,1.19430387392806,"Pharmaceuticals"
2010,"16",207.109707367796,40.4329365079365,1.19522472906658,"Pharmaceuticals"
2016,"16",147.265336052836,15.2785714285714,1.10374859310469,"Pharmaceuticals"
1992,"16",51.741341991342,8.98809523809524,1.17371206258236,"Pharmaceuticals"
2013,"16",247.047997835498,41.2154956154956,1.16683193539961,"Pharmaceuticals"
2005,"16",226.761723364355,79.627281052281,1.35114956735594,"Pharmaceuticals"
2015,"16",187.420663241987,17.5374310330193,1.09357255880786,"Pharmaceuticals"
2019,"16",1.6,0.5,1.3125,"Pharmaceuticals"
1997,"16",80.5777777777778,21.3535714285714,1.26500571270979,"Pharmaceuticals"
2012,"16",228.181009676598,36.4981272812155,1.15995251898019,"Pharmaceuticals"
2017,"16",27.1833333333333,3.95,1.14530962599632,"Pharmaceuticals"
2009,"16",229.490692640693,46.5333305583306,1.20276783351378,"Pharmaceuticals"
1990,"16",62.01829004329,5.1952380952381,1.08376945077995,"Pharmaceuticals"
2004,"16",174.094311244311,51.3129148629149,1.29474205386818,"Pharmaceuticals"
2008,"16",281.450712849242,76.3555555555556,1.27129281280753,"Pharmaceuticals"
2001,"16",189.256752397929,57.8861111111111,1.3058602157,"Pharmaceuticals"
1991,"16",62.4230158730159,7.7,1.12335193826046,"Pharmaceuticals"
2018,"16",4.16666666666667,1.5,1.36,"Pharmaceuticals"
1994,"16",73.75,20.4111111111111,1.27676082862524,"Pharmaceuticals"
1998,"16",90.558547008547,23.0261904761905,1.25426855042205,"Pharmaceuticals"
2002,"16",153.544236319236,40.2279304029304,1.26199570473809,"Pharmaceuticals"
2011,"16",243.609966993791,42.6307262182262,1.17499582116569,"Pharmaceuticals"
2005,"17",71.5865079365079,4.92777777777778,1.06883668333352,"Macromolecular chemistry, polymers"
2008,"17",103.268253968254,7.91666666666667,1.07666118446333,"Macromolecular chemistry, polymers"
1999,"17",56.9675324675325,6.73333333333333,1.11819598009043,"Macromolecular chemistry, polymers"
1998,"17",62.3202380952381,3.78571428571429,1.06074614605819,"Macromolecular chemistry, polymers"
1995,"17",77.3478927203065,5.86666666666667,1.07584778925886,"Macromolecular chemistry, polymers"
1993,"17",53.5428571428571,7.7,1.14381003201708,"Macromolecular chemistry, polymers"
2002,"17",62.525,11.8333333333333,1.18925763028122,"Macromolecular chemistry, polymers"
2001,"17",58.9819624819625,10.2746753246753,1.17420029602809,"Macromolecular chemistry, polymers"
2017,"17",40.3111111111111,0.666666666666667,1.01653803748622,"Macromolecular chemistry, polymers"
2009,"17",84.8948412698413,7.53571428571429,1.08876527917358,"Macromolecular chemistry, polymers"
2014,"17",101.378571428571,7.76666666666667,1.07661053571009,"Macromolecular chemistry, polymers"
2003,"17",64.4717032967033,13.0333333333333,1.20215587097727,"Macromolecular chemistry, polymers"
2007,"17",105.665367965368,5.41666666666667,1.05126245969675,"Macromolecular chemistry, polymers"
2011,"17",80.7126984126984,8.05,1.09973647466027,"Macromolecular chemistry, polymers"
1996,"17",76.9630534670008,9.48333333333333,1.1232192968721,"Macromolecular chemistry, polymers"
1991,"17",59.9428571428571,13.4666666666667,1.22465840483,"Macromolecular chemistry, polymers"
2004,"17",66.4075396825397,6.32222222222222,1.09520337980364,"Macromolecular chemistry, polymers"
2000,"17",51.1480158730159,4.66666666666667,1.0912384691178,"Macromolecular chemistry, polymers"
1992,"17",64.0027777777778,3.86666666666667,1.06041404452932,"Macromolecular chemistry, polymers"
1997,"17",58.9607142857143,7.25,1.12296323217639,"Macromolecular chemistry, polymers"
2013,"17",89.1436868686869,10.5,1.11778736519466,"Macromolecular chemistry, polymers"
2012,"17",95.1642857142857,4,1.04203257524582,"Macromolecular chemistry, polymers"
2016,"17",60.6154761904762,6.08333333333333,1.10035940844904,"Macromolecular chemistry, polymers"
2010,"17",105.523266499582,4.83333333333333,1.04580348480164,"Macromolecular chemistry, polymers"
1994,"17",83.1483436853002,5.24166666666667,1.06303994083761,"Macromolecular chemistry, polymers"
2015,"17",74.8547619047619,13.0785714285714,1.17471929768759,"Macromolecular chemistry, polymers"
2006,"17",85.2080447330447,9.80952380952381,1.11512438573443,"Macromolecular chemistry, polymers"
1990,"17",55.925,9.7,1.17344658024139,"Macromolecular chemistry, polymers"
1995,"18",35.4833333333333,4.33333333333333,1.12212306247064,"Food chemistry"
1994,"18",43.9333333333333,1.5,1.03414264036419,"Food chemistry"
2007,"18",70.9619047619048,4.59285714285714,1.06472285599248,"Food chemistry"
2012,"18",66.8619047619048,4.87619047619048,1.07292927854141,"Food chemistry"
2003,"18",39.8833333333333,3.15,1.07898035938153,"Food chemistry"
2008,"18",71.4571428571429,8.15,1.1140543782487,"Food chemistry"
2009,"18",81.6349206349206,3.85238095238095,1.04719035582345,"Food chemistry"
1993,"18",32.4909090909091,0,1,"Food chemistry"
1999,"18",69.0678571428571,2.39358974358974,1.03465562481023,"Food chemistry"
2014,"18",81.1805555555556,2.53452380952381,1.0312208236588,"Food chemistry"
2013,"18",87.4420995670996,4.43452380952381,1.05071383042582,"Food chemistry"
1997,"18",49.0845238095238,1.65,1.03361548349543,"Food chemistry"
1991,"18",38,0,1,"Food chemistry"
2015,"18",87.943253968254,3.8952380952381,1.04429263098048,"Food chemistry"
2010,"18",87.6344155844156,2.56666666666667,1.02928834122474,"Food chemistry"
1996,"18",65.6285714285714,4.67857142857143,1.07128863735307,"Food chemistry"
2004,"18",35.7253968253968,6.27777777777778,1.17572310836629,"Food chemistry"
2017,"18",13.25,1,1.07547169811321,"Food chemistry"
2018,"18",1,0,1,"Food chemistry"
2005,"18",50.2488095238095,3.45833333333333,1.06882418441565,"Food chemistry"
2016,"18",59.5678571428571,3.7452380952381,1.06287347362951,"Food chemistry"
1992,"18",32.3333333333333,1.66666666666667,1.05154639175258,"Food chemistry"
2000,"18",42.3180375180375,3.64285714285714,1.08608284685471,"Food chemistry"
2006,"18",59.0825396825397,8.12619047619048,1.13753962710225,"Food chemistry"
2011,"18",72.4166666666667,6.15,1.0849252013809,"Food chemistry"
2001,"18",45.0801587301587,2.23015873015873,1.04947096001831,"Food chemistry"
2002,"18",42.2333333333333,5.43333333333333,1.12865035516969,"Food chemistry"
1998,"18",46.6166666666667,0.25,1.00536288880944,"Food chemistry"
1990,"18",28.6666666666667,0,1,"Food chemistry"
2003,"19",76.0595238095238,18.9345238095238,1.24894349663484,"Basic materials chemistry"
1994,"19",78.4833333333333,8.81666666666667,1.11233807602463,"Basic materials chemistry"
2013,"19",101.146428571429,4.46666666666667,1.04416039923261,"Basic materials chemistry"
1996,"19",70.7634920634921,14.7166666666667,1.20796976290348,"Basic materials chemistry"
2007,"19",112.288888888889,4.28095238095238,1.03812445223488,"Basic materials chemistry"
1995,"19",71.9333333333333,23,1.31974050046339,"Basic materials chemistry"
2010,"19",93.5559523809524,6.75,1.07214933767672,"Basic materials chemistry"
2015,"19",108.918253968254,10.5,1.09640257364996,"Basic materials chemistry"
2009,"19",91.6706349206349,15.602380952381,1.17020042422406,"Basic materials chemistry"
2008,"19",97.1571428571429,11.3333333333333,1.11664951232662,"Basic materials chemistry"
2002,"19",60.8306998556999,27.0138888888889,1.44408315131948,"Basic materials chemistry"
2014,"19",107.855097680098,8,1.07417359190317,"Basic materials chemistry"
1992,"19",68.15,12.1666666666667,1.1785277573979,"Basic materials chemistry"
2012,"19",103.480086580087,8.36666666666667,1.08085291521467,"Basic materials chemistry"
1993,"19",75.7277777777778,10.0833333333333,1.13315237326682,"Basic materials chemistry"
2000,"19",70.8857142857143,14.8,1.20878677952439,"Basic materials chemistry"
2005,"19",99.3384920634921,16.7333333333333,1.16844762775982,"Basic materials chemistry"
1990,"19",88.5857142857143,6.66666666666667,1.07525667903026,"Basic materials chemistry"
1997,"19",100.815079365079,14.3285714285714,1.1421272642824,"Basic materials chemistry"
1991,"19",65.5,6.41666666666667,1.09796437659033,"Basic materials chemistry"
2017,"19",16.45,1.5,1.09118541033435,"Basic materials chemistry"
2011,"19",122.339405039405,7.44444444444444,1.06085074912737,"Basic materials chemistry"
2018,"19",2,0,1,"Basic materials chemistry"
2001,"19",98.6444139194139,22.6307692307692,1.22941764598305,"Basic materials chemistry"
2006,"19",100.249206349206,10.1579365079365,1.10132685213041,"Basic materials chemistry"
1998,"19",83.6333333333333,18.4166666666667,1.22020725388601,"Basic materials chemistry"
2004,"19",91.3880952380952,14.431746031746,1.15791713345318,"Basic materials chemistry"
2016,"19",68.6833333333333,7.8952380952381,1.11495129476202,"Basic materials chemistry"
1999,"19",93.2222222222222,30.5242063492063,1.3274348714456,"Basic materials chemistry"
2000,"2",554.579797979798,38.725,1.06982764273251,"Audio-visual technology"
1992,"2",413.8,20.7833333333333,1.05022555179636,"Audio-visual technology"
2010,"2",507.038095238095,45.3333333333333,1.08940814064877,"Audio-visual technology"
2015,"2",284.930555555556,34.3916666666667,1.12070192542042,"Audio-visual technology"
1998,"2",454.067063492063,43.1083333333333,1.09493825207625,"Audio-visual technology"
2007,"2",476.727417027417,30.9928571428571,1.06501169438945,"Audio-visual technology"
2012,"2",502.210786435786,49.0690476190476,1.09770608068236,"Audio-visual technology"
2009,"2",466.662423687424,41.8027777777778,1.08957819540615,"Audio-visual technology"
2003,"2",446.355952380952,35.95,1.08054110135249,"Audio-visual technology"
2004,"2",500.930555555556,31.8880952380952,1.0636577163929,"Audio-visual technology"
1990,"2",458.433333333333,15.5833333333333,1.03399258343634,"Audio-visual technology"
2011,"2",497.307575757576,38.7152597402597,1.07784972847293,"Audio-visual technology"
2008,"2",492.552777777778,36.8761904761905,1.0748674906323,"Audio-visual technology"
2018,"2",7.58571428571429,0,1,"Audio-visual technology"
2013,"2",488.67518037518,35.3896825396825,1.07241964388802,"Audio-visual technology"
2005,"2",459.94880952381,20.7166666666667,1.04504124423784,"Audio-visual technology"
2002,"2",469.983333333333,34.4166666666667,1.07322954714706,"Audio-visual technology"
1999,"2",481.319047619048,33.2833333333333,1.06915025178824,"Audio-visual technology"
1995,"2",445.557142857143,24.2833333333333,1.05450105272158,"Audio-visual technology"
2017,"2",70.2829365079365,1.95,1.02774499895547,"Audio-visual technology"
2016,"2",177.769444444444,13.7,1.07706611247402,"Audio-visual technology"
2006,"2",530.702813852814,31.7,1.05973211215871,"Audio-visual technology"
2014,"2",379.548809523809,42.902380952381,1.11303521411701,"Audio-visual technology"
2001,"2",493.271428571429,41.95,1.08504445538533,"Audio-visual technology"
1993,"2",373.858333333333,18.1095238095238,1.04843953496518,"Audio-visual technology"
1991,"2",387.416666666667,24.6,1.06349752634975,"Audio-visual technology"
1994,"2",412.624206349206,25.7666666666667,1.06244584362765,"Audio-visual technology"
1996,"2",419,27.6666666666667,1.06603023070804,"Audio-visual technology"
1997,"2",495.391666666667,39.8232905982906,1.0803874858579,"Audio-visual technology"
2017,"20",23.925,3.58333333333333,1.14977359804946,"Materials, metallurgy"
2001,"20",39.8357142857143,3.83333333333333,1.09622855776702,"Materials, metallurgy"
1996,"20",59.95,4.33333333333333,1.07228245760356,"Materials, metallurgy"
1993,"20",35.3333333333333,1,1.02830188679245,"Materials, metallurgy"
1991,"20",30.7333333333333,3.66666666666667,1.11930585683297,"Materials, metallurgy"
2007,"20",51.65,0.95,1.01839303000968,"Materials, metallurgy"
1994,"20",50,3.16666666666667,1.06333333333333,"Materials, metallurgy"
2006,"20",41.0916666666667,1.58333333333333,1.03853173798418,"Materials, metallurgy"
2000,"20",50.7996031746032,14.3166666666667,1.28182634847479,"Materials, metallurgy"
2012,"20",65.3845238095238,13.5833333333333,1.20774538899914,"Materials, metallurgy"
1995,"20",43.6166666666667,0.583333333333333,1.0133740924723,"Materials, metallurgy"
2015,"20",93.6853174603175,11.9444444444444,1.12749537246862,"Materials, metallurgy"
2011,"20",70.2583333333333,4.74166666666667,1.06748902858498,"Materials, metallurgy"
2008,"20",68.0666666666667,2.83333333333333,1.04162585700294,"Materials, metallurgy"
2003,"20",63.4404761904762,2.5,1.03940701820229,"Materials, metallurgy"
2002,"20",37.0416666666667,2.95,1.07964004499438,"Materials, metallurgy"
1998,"20",76.1,1.58333333333333,1.02080595707403,"Materials, metallurgy"
2010,"20",71.2261904761905,8.38333333333333,1.11770015042621,"Materials, metallurgy"
1999,"20",65.4666666666667,4.05,1.06186354378819,"Materials, metallurgy"
1992,"20",51.8333333333333,4.91666666666667,1.09485530546624,"Materials, metallurgy"
1990,"20",52.9166666666667,3.16666666666667,1.05984251968504,"Materials, metallurgy"
2005,"20",55.2666666666667,3.25,1.05880579010856,"Materials, metallurgy"
2013,"20",73.7202380952381,8.97777777777778,1.12178172520522,"Materials, metallurgy"
1997,"20",66.4166666666667,3.33333333333333,1.05018820577164,"Materials, metallurgy"
2009,"20",59.9253968253968,4.95,1.08260270706964,"Materials, metallurgy"
2016,"20",53.1702380952381,2.25,1.04231690661174,"Materials, metallurgy"
2004,"20",64.8051587301587,3.03571428571429,1.04684371345119,"Materials, metallurgy"
2014,"20",62.1785714285714,3.33333333333333,1.05360903695194,"Materials, metallurgy"
2008,"21",91.1980158730159,12.8333333333333,1.14071943572986,"Surface technology, coating"
2001,"21",65.2952380952381,3.83333333333333,1.05870770128355,"Surface technology, coating"
2007,"21",103.303084415584,14.9928571428571,1.14513465137731,"Surface technology, coating"
2010,"21",81.95,8.33333333333333,1.10168802115111,"Surface technology, coating"
2017,"21",27.7166666666667,0.666666666666667,1.02405291641612,"Surface technology, coating"
1992,"21",41.8833333333333,0.666666666666667,1.01591723040191,"Surface technology, coating"
2000,"21",38.502380952381,1.7,1.04415311359842,"Surface technology, coating"
2006,"21",88.8363095238095,8.15952380952381,1.09184897316493,"Surface technology, coating"
1993,"21",35.55,2.58333333333333,1.07266760431317,"Surface technology, coating"
1991,"21",28.3333333333333,5.08333333333333,1.17941176470588,"Surface technology, coating"
2011,"21",75.2,9.75,1.12965425531915,"Surface technology, coating"
2005,"21",83.3658424908425,12.6642857142857,1.15191216613299,"Surface technology, coating"
1998,"21",56.75,3.41666666666667,1.06020558002937,"Surface technology, coating"
1996,"21",38.2738095238095,3.33333333333333,1.08709175738725,"Surface technology, coating"
2003,"21",69.7345238095238,6.86666666666667,1.0984686822473,"Surface technology, coating"
1995,"21",45.3690476190476,3.33333333333333,1.07347152978221,"Surface technology, coating"
2018,"21",0.333333333333333,0,1,"Surface technology, coating"
2012,"21",88.3892857142857,11.0166666666667,1.1246380325131,"Surface technology, coating"
1994,"21",26.6666666666667,0,1,"Surface technology, coating"
2004,"21",85.3047619047619,4.6,1.05392430501284,"Surface technology, coating"
2015,"21",72.9325396825397,3.97619047619048,1.05451874421895,"Surface technology, coating"
1999,"21",66.9440476190476,4.05,1.06049828392581,"Surface technology, coating"
2014,"21",68.7912698412698,3.80952380952381,1.05537801262157,"Surface technology, coating"
1990,"21",40.0833333333333,1.83333333333333,1.04573804573805,"Surface technology, coating"
1997,"21",53.3809523809524,7.47619047619048,1.14005352363961,"Surface technology, coating"
2016,"21",44.2666666666667,1.83333333333333,1.0414156626506,"Surface technology, coating"
2002,"21",78.9428571428571,6.91666666666667,1.08761611774641,"Surface technology, coating"
2013,"21",88.0156926406926,12.5666666666667,1.14277756942694,"Surface technology, coating"
2009,"21",76.4777777777778,4.91666666666667,1.06428882754613,"Surface technology, coating"
2014,"22",4,1,1.25,"Micro-structural and nano-technology"
2007,"22",3.5,0,1,"Micro-structural and nano-technology"
2016,"22",5.5,0,1,"Micro-structural and nano-technology"
2008,"22",1,0,1,"Micro-structural and nano-technology"
2013,"22",10,0,1,"Micro-structural and nano-technology"
2012,"22",6.1,0,1,"Micro-structural and nano-technology"
2000,"22",1,0,1,"Micro-structural and nano-technology"
2011,"22",16.325,0.5,1.03062787136294,"Micro-structural and nano-technology"
2004,"22",2.95,0,1,"Micro-structural and nano-technology"
2003,"22",4.2,0,1,"Micro-structural and nano-technology"
2006,"22",6.33333333333333,0,1,"Micro-structural and nano-technology"
2005,"22",3.1,1.5,1.48387096774194,"Micro-structural and nano-technology"
1996,"22",1,0,1,"Micro-structural and nano-technology"
1993,"22",1,0,1,"Micro-structural and nano-technology"
2015,"22",9.63888888888889,0,1,"Micro-structural and nano-technology"
2017,"22",3.33333333333333,0,1,"Micro-structural and nano-technology"
2010,"22",4.23809523809524,0,1,"Micro-structural and nano-technology"
2009,"22",7,0,1,"Micro-structural and nano-technology"
2002,"22",2.5,0,1,"Micro-structural and nano-technology"
2001,"22",1.33333333333333,0,1,"Micro-structural and nano-technology"
2016,"23",81.1075757575758,9.86666666666667,1.12164913788272,"Chemical engineering"
1993,"23",83.5833333333333,5.83333333333333,1.06979062811565,"Chemical engineering"
1994,"23",68.6142857142857,9.61666666666667,1.14015545839406,"Chemical engineering"
2011,"23",130.858369408369,9.9,1.07565431271045,"Chemical engineering"
2015,"23",93.5761904761905,19.3888888888889,1.20719895509983,"Chemical engineering"
1998,"23",115.045238095238,4.95,1.04302655270184,"Chemical engineering"
1991,"23",78.2333333333333,4,1.05112910097997,"Chemical engineering"
2000,"23",102.521825396825,6.58333333333333,1.06421396915097,"Chemical engineering"
2013,"23",119.696428571429,10.0833333333333,1.08424088716495,"Chemical engineering"
1999,"23",96.6011904761905,6.16666666666667,1.06383634235011,"Chemical engineering"
1996,"23",90.3166666666667,6.58333333333333,1.07289167743126,"Chemical engineering"
2006,"23",114.738888888889,12.9083333333333,1.11250181571684,"Chemical engineering"
2005,"23",115.633424908425,10.9166666666667,1.09440753549687,"Chemical engineering"
2008,"23",128.209523809524,13.1428571428571,1.10251077105928,"Chemical engineering"
2017,"23",54.05,3.41666666666667,1.06321307431391,"Chemical engineering"
2003,"23",112.258333333333,20.5333333333333,1.18291143938832,"Chemical engineering"
1990,"23",90.5833333333333,5.33333333333333,1.0588776448942,"Chemical engineering"
2004,"23",104.840909090909,5.86904761904762,1.05598051056538,"Chemical engineering"
2009,"23",116.572222222222,15.5083333333333,1.13303626745461,"Chemical engineering"
1995,"23",77.9261904761905,5.83333333333333,1.07485716031654,"Chemical engineering"
1992,"23",87.6666666666667,4.5,1.05133079847909,"Chemical engineering"
2001,"23",98.2547619047619,11.0833333333333,1.11280199675285,"Chemical engineering"
2012,"23",128.29126984127,16.0166666666667,1.12484611530062,"Chemical engineering"
2007,"23",114.166774891775,8.93333333333333,1.07824810100663,"Chemical engineering"
2010,"23",124.396031746032,12.4444444444444,1.1000389182016,"Chemical engineering"
1997,"23",72.75,4.7,1.06460481099656,"Chemical engineering"
2014,"23",99.6690476190476,17.3166666666667,1.17374166885645,"Chemical engineering"
2002,"23",93.7452380952381,12.5083333333333,1.13342899956823,"Chemical engineering"
1990,"24",22.4666666666667,1.25,1.05563798219585,"Environmental technology"
2013,"24",36.4166666666667,4.66666666666667,1.12814645308924,"Environmental technology"
2015,"24",28.4583333333333,9.66666666666667,1.33967789165447,"Environmental technology"
2012,"24",42.2,3.83333333333333,1.09083728278041,"Environmental technology"
2014,"24",35.85,5.33333333333333,1.1487680148768,"Environmental technology"
2011,"24",51.7261904761905,6.5,1.12566168009206,"Environmental technology"
2008,"24",27.3809523809524,0,1,"Environmental technology"
1999,"24",31.75,0,1,"Environmental technology"
2001,"24",25.1666666666667,3,1.11920529801324,"Environmental technology"
1998,"24",23.7777777777778,0.5,1.02102803738318,"Environmental technology"
1992,"24",26.0666666666667,0,1,"Environmental technology"
2006,"24",34.4142857142857,3,1.08717310087173,"Environmental technology"
2005,"24",24.0666666666667,1,1.0415512465374,"Environmental technology"
2007,"24",37.9393939393939,0.75,1.01976837060703,"Environmental technology"
1996,"24",23.15,3.83333333333333,1.16558675305976,"Environmental technology"
2000,"24",27.5,5.83333333333333,1.21212121212121,"Environmental technology"
2004,"24",19.0666666666667,0,1,"Environmental technology"
2002,"24",13.1428571428571,2.33333333333333,1.17753623188406,"Environmental technology"
2016,"24",32,0.583333333333333,1.01822916666667,"Environmental technology"
2009,"24",39.8214285714286,6.53968253968254,1.16422521175884,"Environmental technology"
1994,"24",37.1416666666667,1.33333333333333,1.03589858649316,"Environmental technology"
2010,"24",34.5833333333333,6.41666666666667,1.1855421686747,"Environmental technology"
1997,"24",35.4166666666667,0,1,"Environmental technology"
1991,"24",14.75,1,1.06779661016949,"Environmental technology"
2003,"24",25.5,0.833333333333333,1.03267973856209,"Environmental technology"
1995,"24",25.25,1,1.03960396039604,"Environmental technology"
2017,"24",22.0416666666667,2,1.09073724007561,"Environmental technology"
1993,"24",21.75,0.5,1.02298850574713,"Environmental technology"
1994,"25",177.666666666667,10.6666666666667,1.06003752345216,"Handling"
1991,"25",146.833333333333,5.9,1.04018161180477,"Handling"
2011,"25",277.489285714286,17.3833333333333,1.06264506137088,"Handling"
2014,"25",276.510317460317,21.4666666666667,1.07763423391877,"Handling"
2013,"25",233.292857142857,9.53333333333333,1.04086423155037,"Handling"
2008,"25",284.507142857143,35.6666666666667,1.12536299197443,"Handling"
2006,"25",278.622619047619,26.3428571428571,1.09454672859261,"Handling"
2001,"25",234.666666666667,10.5,1.04474431818182,"Handling"
1990,"25",147.872222222222,6.44444444444444,1.04358116992899,"Handling"
2009,"25",274.744444444444,27.9678571428571,1.10179589690853,"Handling"
2000,"25",202.97619047619,9.16666666666667,1.04516129032258,"Handling"
2005,"25",226.931818181818,11.5,1.05067601402103,"Handling"
1999,"25",212.583333333333,4.5,1.02116816934535,"Handling"
1992,"25",171.666666666667,8,1.04660194174757,"Handling"
2017,"25",67.2205627705628,5.08333333333333,1.07562170151243,"Handling"
2004,"25",216.483766233766,12.6666666666667,1.05851093080573,"Handling"
2010,"25",254.959523809524,28.3011904761905,1.11100268016398,"Handling"
1997,"25",176.666666666667,11.2916666666667,1.06391509433962,"Handling"
2018,"25",1,0,1,"Handling"
2016,"25",182.191666666667,17.7916666666667,1.09765356995838,"Handling"
1995,"25",184.697619047619,10.8333333333333,1.05865442873165,"Handling"
1998,"25",182.908333333333,8.5,1.04647136543806,"Handling"
1996,"25",153.433333333333,8.66666666666667,1.05648490115142,"Handling"
2015,"25",221.953907203907,29.45,1.1326852064512,"Handling"
2003,"25",186.1,15.9,1.08543793659323,"Handling"
2002,"25",212.123015873016,11,1.05185670189879,"Handling"
1993,"25",133.330952380952,7.14285714285714,1.05357238522116,"Handling"
2007,"25",267.564862914863,27.4666666666667,1.10265423631281,"Handling"
2012,"25",233.088095238095,9.67857142857143,1.04152323360266,"Handling"
2013,"26",168.77012987013,2.08333333333333,1.01234420649517,"Machine tools"
2009,"26",140.490476190476,10.3833333333333,1.07390773819612,"Machine tools"
1993,"26",111,5.06666666666667,1.04564564564565,"Machine tools"
2008,"26",153.944444444444,12.25,1.07957416095272,"Machine tools"
1992,"26",120.409523809524,5,1.04152495452029,"Machine tools"
2016,"26",103.861904761905,2.83333333333333,1.02727981293843,"Machine tools"
2011,"26",168.266666666667,8.15238095238095,1.04844917364727,"Machine tools"
2001,"26",146.703571428571,6.30952380952381,1.0430086585356,"Machine tools"
2003,"26",162.285714285714,5.06666666666667,1.031220657277,"Machine tools"
1998,"26",133.2,7.33333333333333,1.05505505505506,"Machine tools"
2006,"26",123.952380952381,5.56666666666667,1.04490971955436,"Machine tools"
1994,"26",94.05,4.03333333333333,1.04288499025341,"Machine tools"
2002,"26",150.55,5.66666666666667,1.03763976530499,"Machine tools"
2007,"26",149.034523809524,6.08333333333333,1.04081828275647,"Machine tools"
2014,"26",112.056349206349,3.93333333333333,1.03510138748221,"Machine tools"
2012,"26",110.017857142857,15.8666666666667,1.14421901206514,"Machine tools"
2004,"26",177.757142857143,7.56666666666667,1.04256744086367,"Machine tools"
1999,"26",164.266666666667,10.8166666666667,1.06584821428571,"Machine tools"
1996,"26",113.997619047619,10.8333333333333,1.09503122454521,"Machine tools"
1990,"26",133.333333333333,5,1.0375,"Machine tools"
1991,"26",125.466666666667,3,1.02391073326249,"Machine tools"
2015,"26",138.252380952381,10.7857142857143,1.07801467295836,"Machine tools"
2018,"26",2.55,1.25,1.49019607843137,"Machine tools"
2017,"26",89.05,2.25,1.02526670409882,"Machine tools"
1997,"26",144.830952380952,12.3333333333333,1.08515675089184,"Machine tools"
1995,"26",111.279761904762,7,1.06290451992511,"Machine tools"
2000,"26",166.583333333333,7,1.04202101050525,"Machine tools"
2005,"26",151.947619047619,7.11904761904762,1.04685198533329,"Machine tools"
2010,"26",169.302380952381,3.83333333333333,1.02264193398681,"Machine tools"
2013,"27",176.688095238095,20.102380952381,1.11377326200326,"Engines, pumps, turbines"
1994,"27",74.9166666666667,3.08333333333333,1.04115684093437,"Engines, pumps, turbines"
2001,"27",91.1666666666667,10.6,1.1162705667276,"Engines, pumps, turbines"
2006,"27",88.4666666666667,3.61666666666667,1.04088168801809,"Engines, pumps, turbines"
1990,"27",36.6666666666667,0.833333333333333,1.02272727272727,"Engines, pumps, turbines"
1995,"27",84.5833333333333,3.66666666666667,1.04334975369458,"Engines, pumps, turbines"
2016,"27",95.8916666666667,5.08333333333333,1.05301121056748,"Engines, pumps, turbines"
1998,"27",108.571825396825,19.4146825396825,1.17881879086699,"Engines, pumps, turbines"
1992,"27",80.3333333333333,8,1.09958506224066,"Engines, pumps, turbines"
2008,"27",122.51626984127,9.05833333333333,1.07393575845126,"Engines, pumps, turbines"
2015,"27",150.703968253968,26.2261904761905,1.17402455144375,"Engines, pumps, turbines"
2007,"27",104.380952380952,4.92857142857143,1.04721715328467,"Engines, pumps, turbines"
2002,"27",102.526984126984,6.33333333333333,1.06177235570969,"Engines, pumps, turbines"
2004,"27",109.844444444444,5.11666666666667,1.04658102366984,"Engines, pumps, turbines"
2017,"27",75.8547619047619,6.23333333333333,1.08217458175084,"Engines, pumps, turbines"
1999,"27",69.0242424242424,21.7666666666667,1.31534814294495,"Engines, pumps, turbines"
2000,"27",91.3909090909091,16.3666666666667,1.17908418714148,"Engines, pumps, turbines"
2012,"27",216.720562770563,21.7484848484848,1.10035265952825,"Engines, pumps, turbines"
2011,"27",145.22380952381,10.6166666666667,1.07310555136571,"Engines, pumps, turbines"
1996,"27",62.25,6.08333333333333,1.09772423025435,"Engines, pumps, turbines"
2010,"27",131.417063492063,10.5166666666667,1.08002512297272,"Engines, pumps, turbines"
1993,"27",66.3222222222222,1.45,1.02186295861953,"Engines, pumps, turbines"
2014,"27",173.861507936508,30.1690476190476,1.17352344390148,"Engines, pumps, turbines"
2005,"27",92.9166666666667,4.08333333333333,1.04394618834081,"Engines, pumps, turbines"
2009,"27",151.393123543124,11.05,1.07298878404376,"Engines, pumps, turbines"
1997,"27",88.6,12.3666666666667,1.13957863054929,"Engines, pumps, turbines"
2003,"27",97.5595238095238,7.33333333333333,1.0751677852349,"Engines, pumps, turbines"
1991,"27",62.8333333333333,2.73333333333333,1.04350132625995,"Engines, pumps, turbines"
2001,"28",145.333333333333,6.66666666666667,1.04587155963303,"Textile and paper machines"
2006,"28",115.058333333333,5.85,1.05084377489679,"Textile and paper machines"
1999,"28",129.958333333333,3.08333333333333,1.02372555306188,"Textile and paper machines"
1992,"28",135.15,13.3333333333333,1.09865581452707,"Textile and paper machines"
2016,"28",59.5333333333333,12.2,1.20492721164614,"Textile and paper machines"
2013,"28",63.7833333333333,10.1666666666667,1.15939378102953,"Textile and paper machines"
2015,"28",86.25,22.95,1.26608695652174,"Textile and paper machines"
2002,"28",114.461904761905,14.7833333333333,1.1291550526272,"Textile and paper machines"
1996,"28",121.15,6.91666666666667,1.05709175952676,"Textile and paper machines"
2017,"28",27.7,6.9,1.24909747292419,"Textile and paper machines"
2007,"28",103.811147186147,7.16666666666667,1.06903561766653,"Textile and paper machines"
2011,"28",88.1520562770563,11.1212121212121,1.12615941806574,"Textile and paper machines"
1990,"28",249.003571428571,9.75,1.03915606488719,"Textile and paper machines"
1997,"28",168.883333333333,10.0595238095238,1.05956492929749,"Textile and paper machines"
2018,"28",5,0,1,"Textile and paper machines"
1995,"28",146.609523809524,2.66666666666667,1.01818890476809,"Textile and paper machines"
2008,"28",110.848351648352,5.5,1.0496173368229,"Textile and paper machines"
1994,"28",114.983333333333,7.23333333333333,1.06290766777794,"Textile and paper machines"
1998,"28",146.641666666667,8.16666666666667,1.05569131101892,"Textile and paper machines"
2009,"28",97.0928571428571,10.2833333333333,1.10591235685034,"Textile and paper machines"
1993,"28",156.385714285714,11.35,1.07257696172467,"Textile and paper machines"
2012,"28",99.2380952380952,7.61666666666667,1.07675143953935,"Textile and paper machines"
2014,"28",80.4666666666667,9.96666666666667,1.12386081193041,"Textile and paper machines"
2003,"28",123.498412698413,18.0047619047619,1.14578941956712,"Textile and paper machines"
2000,"28",140.532142857143,7.25833333333333,1.05164891949817,"Textile and paper machines"
2004,"28",124.587301587302,13.6166666666667,1.10929417760224,"Textile and paper machines"
2005,"28",136.992857142857,10.0666666666667,1.07348314997306,"Textile and paper machines"
1991,"28",164.5,11.1666666666667,1.06788247213779,"Textile and paper machines"
2010,"28",94.2392857142857,15.1833333333333,1.16111469031468,"Textile and paper machines"
2011,"29",94.868253968254,10.6428571428571,1.11218565429083,"Other special machines"
2016,"29",94.302380952381,9.33333333333333,1.098972403868,"Other special machines"
2008,"29",78.4142857142857,9.48333333333333,1.12093884739175,"Other special machines"
2013,"29",134.161111111111,13.3166666666667,1.09925876847903,"Other special machines"
1997,"29",110.133333333333,7.07808857808858,1.06426835875988,"Other special machines"
1992,"29",86.5,0.666666666666667,1.00770712909441,"Other special machines"
1994,"29",100.216666666667,3.66666666666667,1.03658739397971,"Other special machines"
2001,"29",96.05,9.08333333333333,1.09456880097172,"Other special machines"
1999,"29",96.7142857142857,8.15476190476191,1.0843180699163,"Other special machines"
2007,"29",90.0785714285714,5.00952380952381,1.0556128247826,"Other special machines"
1991,"29",87.5833333333333,3,1.03425309229305,"Other special machines"
2004,"29",90.8190476190476,10.2833333333333,1.11322881711409,"Other special machines"
2012,"29",104.110714285714,11.5166666666667,1.11061941843047,"Other special machines"
1990,"29",79,2.33333333333333,1.0295358649789,"Other special machines"
1995,"29",84.8,2,1.02358490566038,"Other special machines"
2010,"29",84.0551587301587,12.4166666666667,1.14772045944887,"Other special machines"
2014,"29",100.519047619048,10.6666666666667,1.10611587474537,"Other special machines"
2003,"29",91.0357142857143,1.75,1.01922322479404,"Other special machines"
2017,"29",48.1333333333333,4.83333333333333,1.10041551246537,"Other special machines"
1993,"29",118.42619047619,1,1.00844407808762,"Other special machines"
2006,"29",124.095136236313,8.58333333333333,1.06916736298986,"Other special machines"
2002,"29",85.975,7.33333333333333,1.0852961132112,"Other special machines"
2018,"29",2.6,0,1,"Other special machines"
2015,"29",108.238888888889,11.9444444444444,1.11035261510034,"Other special machines"
2009,"29",104.74246031746,8.78571428571428,1.08387920485242,"Other special machines"
2005,"29",78.0151515151515,8.63333333333333,1.11066226451738,"Other special machines"
2000,"29",92.3242424242424,4.83333333333333,1.05235172481702,"Other special machines"
1998,"29",99.6833333333333,4.66666666666667,1.046814913894,"Other special machines"
1996,"29",106.333333333333,2.83333333333333,1.02664576802508,"Other special machines"
2015,"3",146.425,9.51666666666667,1.06499345512492,"Telecommunications"
2010,"3",210.959523809524,17.0833333333333,1.08097919934991,"Telecommunications"
2000,"3",227.511904761905,11.8333333333333,1.05201193030192,"Telecommunications"
2003,"3",150.619047619048,7.45,1.0494625355675,"Telecommunications"
2005,"3",184.43253968254,8.41666666666667,1.04563547561159,"Telecommunications"
1995,"3",186.309523809524,13.3904761904762,1.07187220447284,"Telecommunications"
2008,"3",201.552380952381,14.4166666666667,1.07152813873269,"Telecommunications"
2014,"3",223.934920634921,18.1666666666667,1.0811247598863,"Telecommunications"
2017,"3",41.6770202020202,1.33333333333333,1.03199205046019,"Telecommunications"
2016,"3",73.65,7.95,1.10794297352342,"Telecommunications"
1998,"3",249.347619047619,14.2833333333333,1.05728281420087,"Telecommunications"
2018,"3",5.61666666666667,0,1,"Telecommunications"
1999,"3",220.238961038961,11.15,1.05062682800264,"Telecommunications"
1993,"3",146.792857142857,10.75,1.07323244610968,"Telecommunications"
2012,"3",256.460714285714,12.0333333333333,1.04692076666342,"Telecommunications"
2009,"3",214.690476190476,12.581746031746,1.0586041181472,"Telecommunications"
2013,"3",225.671428571429,21.0714285714286,1.09337215927075,"Telecommunications"
2004,"3",207,8.41666666666667,1.04066022544283,"Telecommunications"
1991,"3",129.366666666667,5.25,1.04058232414326,"Telecommunications"
2011,"3",234.095238095238,15.95,1.0681346623271,"Telecommunications"
1997,"3",241.059523809524,10.3333333333333,1.0428663143859,"Telecommunications"
1996,"3",190.778571428571,11,1.05765846718335,"Telecommunications"
1992,"3",180.066666666667,9.33333333333333,1.05183265457238,"Telecommunications"
2002,"3",170.716666666667,9.36666666666667,1.05486673826028,"Telecommunications"
1994,"3",201.825,12.3333333333333,1.06110904661629,"Telecommunications"
2006,"3",187.754761904762,8.58333333333333,1.04571566252837,"Telecommunications"
1990,"3",177.716666666667,2.16666666666667,1.01219169089374,"Telecommunications"
2007,"3",186.116666666667,10.3833333333333,1.05578937942151,"Telecommunications"
2001,"3",202.766666666667,11.2333333333333,1.05540029590662,"Telecommunications"
1990,"30",29.8333333333333,3.66666666666667,1.12290502793296,"Thermal processes and apparatus"
2016,"30",45.5809523809524,5.9,1.12944003343084,"Thermal processes and apparatus"
2011,"30",60.875,2.75,1.04517453798768,"Thermal processes and apparatus"
1999,"30",31.0166666666667,10.4,1.33530360021494,"Thermal processes and apparatus"
2008,"30",73.45,5.75,1.0782845473111,"Thermal processes and apparatus"
2010,"30",90.0952380952381,4,1.04439746300211,"Thermal processes and apparatus"
2014,"30",45.6142857142857,7.81666666666667,1.17136444305251,"Thermal processes and apparatus"
2012,"30",79.6935897435897,2.68333333333333,1.03367062949438,"Thermal processes and apparatus"
1994,"30",46.25,4.5,1.0972972972973,"Thermal processes and apparatus"
2009,"30",57.5809523809524,7.28571428571429,1.12652993714853,"Thermal processes and apparatus"
2002,"30",51.75,2.33333333333333,1.0450885668277,"Thermal processes and apparatus"
2004,"30",65.8333333333333,8.08333333333333,1.12278481012658,"Thermal processes and apparatus"
2007,"30",53.75,3.66666666666667,1.06821705426357,"Thermal processes and apparatus"
2018,"30",3.83333333333333,0.5,1.1304347826087,"Thermal processes and apparatus"
2006,"30",49.8583333333333,1.25,1.02507103459803,"Thermal processes and apparatus"
2001,"30",40.7,7,1.17199017199017,"Thermal processes and apparatus"
1997,"30",70.3444444444444,6.66666666666667,1.09477175801611,"Thermal processes and apparatus"
2003,"30",35.7166666666667,4.65,1.13019132057863,"Thermal processes and apparatus"
2015,"30",63.45,6.1,1.09613869188337,"Thermal processes and apparatus"
1991,"30",27.25,2.5,1.09174311926605,"Thermal processes and apparatus"
2005,"30",46.2666666666667,5.66666666666667,1.12247838616715,"Thermal processes and apparatus"
2000,"30",56.0833333333333,6,1.10698365527489,"Thermal processes and apparatus"
2017,"30",38.25,4.41666666666667,1.11546840958606,"Thermal processes and apparatus"
1995,"30",55.8,9.78333333333333,1.17532855436081,"Thermal processes and apparatus"
1996,"30",47.85,5.41666666666667,1.11320097526994,"Thermal processes and apparatus"
2013,"30",57.181684981685,14.5952380952381,1.25524323216276,"Thermal processes and apparatus"
1992,"30",33.9166666666667,1,1.02948402948403,"Thermal processes and apparatus"
1998,"30",71.5111111111111,8.06666666666667,1.11280298321939,"Thermal processes and apparatus"
1993,"30",38.9166666666667,0.916666666666667,1.02355460385439,"Thermal processes and apparatus"
2004,"31",94.45,5.25,1.05558496559026,"Mechanical elements"
2009,"31",86.7952380952381,13.5,1.15553848686015,"Mechanical elements"
2008,"31",122.611111111111,8.21666666666667,1.06701404621658,"Mechanical elements"
1990,"31",94,0,1,"Mechanical elements"
1994,"31",79.6666666666667,5.5,1.06903765690377,"Mechanical elements"
2010,"31",102.616666666667,9.25,1.09014130258243,"Mechanical elements"
1991,"31",68.75,3.5,1.05090909090909,"Mechanical elements"
2017,"31",77.5119047619048,9.58333333333333,1.12363692213178,"Mechanical elements"
2002,"31",76.0526315789474,6,1.07889273356401,"Mechanical elements"
2016,"31",73.0222222222222,14.5166666666667,1.19879793061473,"Mechanical elements"
2014,"31",122.85,13.25,1.10785510785511,"Mechanical elements"
2018,"31",1.16666666666667,0.833333333333333,1.71428571428571,"Mechanical elements"
2006,"31",96.1583333333333,6.16666666666667,1.06413034058411,"Mechanical elements"
1995,"31",66.5,6.33333333333333,1.0952380952381,"Mechanical elements"
2013,"31",102.314285714286,18.9761904761905,1.18546960811691,"Mechanical elements"
1996,"31",62.4285714285714,9.53333333333333,1.15270785659802,"Mechanical elements"
2003,"31",83.25,6.5,1.07807807807808,"Mechanical elements"
1992,"31",90.6666666666667,2.33333333333333,1.02573529411765,"Mechanical elements"
1998,"31",104.883333333333,3.41666666666667,1.03257587795964,"Mechanical elements"
2012,"31",91.681746031746,12,1.13088755962223,"Mechanical elements"
2007,"31",86.25,6.96666666666667,1.0807729468599,"Mechanical elements"
2000,"31",79.5833333333333,5.5,1.06910994764398,"Mechanical elements"
2011,"31",117.425,18.45,1.15712156695763,"Mechanical elements"
1997,"31",92.6166666666667,12.3333333333333,1.13316537700198,"Mechanical elements"
2015,"31",98.3634920634921,13.0833333333333,1.1330100534138,"Mechanical elements"
2005,"31",90.5166666666667,6.91666666666667,1.07641318357577,"Mechanical elements"
1993,"31",65.1666666666667,5.33333333333333,1.08184143222506,"Mechanical elements"
2001,"31",91.0833333333333,4.7,1.0516010978957,"Mechanical elements"
1999,"31",88.4,7.33333333333333,1.08295625942685,"Mechanical elements"
1997,"32",58.4166666666667,1.83333333333333,1.03138373751783,"Transport"
2009,"32",96.9214285714286,6,1.06190581472474,"Transport"
2005,"32",81.1083333333333,8.33333333333333,1.10274324463167,"Transport"
2008,"32",79.0666666666667,4.83333333333333,1.06112984822934,"Transport"
1991,"32",41,1,1.02439024390244,"Transport"
2002,"32",62.4166666666667,4,1.06408544726302,"Transport"
2017,"32",47.5611111111111,8,1.1682046489896,"Transport"
2004,"32",62.2738095238095,8.14285714285714,1.13075893710572,"Transport"
2013,"32",106.742857142857,11.1428571428571,1.10438972162741,"Transport"
1996,"32",47.5,6,1.12631578947368,"Transport"
1992,"32",50.6666666666667,4,1.07894736842105,"Transport"
1994,"32",51.6666666666667,5.16666666666667,1.1,"Transport"
2016,"32",87.4833333333333,7.83333333333333,1.08954086492665,"Transport"
2001,"32",54.8333333333333,3.33333333333333,1.06079027355623,"Transport"
2011,"32",82.3285714285714,11.75,1.14272080513621,"Transport"
2010,"32",83.6428571428571,12.4166666666667,1.14844861941361,"Transport"
1995,"32",62.3095238095238,5.05714285714286,1.08116163546045,"Transport"
2007,"32",102.196825396825,3.75,1.03669389910537,"Transport"
1993,"32",49.5,3.66666666666667,1.07407407407407,"Transport"
2000,"32",66.55,4.75,1.07137490608565,"Transport"
1990,"32",46.2666666666667,0.5,1.01080691642651,"Transport"
2006,"32",73.7289682539682,7.91666666666667,1.10737525363703,"Transport"
2018,"32",1.36666666666667,0,1,"Transport"
2014,"32",108.473290598291,16.1666666666667,1.14903822477864,"Transport"
2003,"32",62.1190476190476,4.5,1.07244154848601,"Transport"
1999,"32",71.0333333333333,5,1.07038948850305,"Transport"
1998,"32",75.7738095238095,5.01190476190476,1.06614296936371,"Transport"
2012,"32",89.7678571428571,7.66666666666667,1.08540547709038,"Transport"
2015,"32",104.635714285714,9.33333333333333,1.08919835256104,"Transport"
2017,"33",58.0166666666667,2.83333333333333,1.04883654122379,"Furniture, games"
2016,"33",112.357142857143,8.60833333333333,1.07661580843399,"Furniture, games"
2008,"33",113.25,11.25,1.09933774834437,"Furniture, games"
2004,"33",92.6777777777778,4.03333333333333,1.0435199616353,"Furniture, games"
1998,"33",98.4166666666667,8,1.08128704487722,"Furniture, games"
2007,"33",130.224494949495,4.83333333333333,1.03711539319241,"Furniture, games"
1997,"33",90.6666666666667,1.5,1.01654411764706,"Furniture, games"
1993,"33",55.6666666666667,1,1.01796407185629,"Furniture, games"
2002,"33",70.8928571428571,5,1.07052896725441,"Furniture, games"
1992,"33",61.1666666666667,4.66666666666667,1.07629427792916,"Furniture, games"
1990,"33",57.3333333333333,0.5,1.00872093023256,"Furniture, games"
2018,"33",2,0,1,"Furniture, games"
2011,"33",155.92380952381,8.28571428571429,1.05313950647447,"Furniture, games"
2003,"33",81.35,7.7,1.09465273509527,"Furniture, games"
2005,"33",98.8166666666667,7.75,1.07842806544105,"Furniture, games"
2006,"33",145.555555555556,7,1.04809160305344,"Furniture, games"
2015,"33",158.946031746032,12.6944444444444,1.07986638172086,"Furniture, games"
1995,"33",63.5333333333333,1,1.01573976915005,"Furniture, games"
2010,"33",158.219047619048,11.1285714285714,1.0703364834768,"Furniture, games"
2012,"33",157.697619047619,5.6,1.03551099904881,"Furniture, games"
2001,"33",93.3333333333333,0,1,"Furniture, games"
1999,"33",95.7777777777778,8,1.08352668213457,"Furniture, games"
2009,"33",137.55,7.525,1.05470737913486,"Furniture, games"
1994,"33",62.8666666666667,4,1.06362672322375,"Furniture, games"
2014,"33",184.709920634921,18.5555555555556,1.10045781781386,"Furniture, games"
1991,"33",54.75,0,1,"Furniture, games"
1996,"33",61.9261904761905,4.33333333333333,1.06997577761544,"Furniture, games"
2013,"33",114.566666666667,5.06666666666667,1.04422461448938,"Furniture, games"
2000,"33",106.083333333333,6,1.05655930871956,"Furniture, games"
2002,"34",73.9,1.5,1.02029769959405,"Other consumer goods"
2016,"34",138.904365079365,3.33333333333333,1.02399732601224,"Other consumer goods"
1995,"34",51.3928571428571,1.33333333333333,1.0259439425527,"Other consumer goods"
1998,"34",75.5833333333333,4.66666666666667,1.06174200661522,"Other consumer goods"
2007,"34",75.2416666666667,5.5,1.0730977959907,"Other consumer goods"
1997,"34",65.4333333333333,1,1.01528273051452,"Other consumer goods"
2004,"34",86.0650793650794,2.33333333333333,1.02711126685233,"Other consumer goods"
2017,"34",36.3833333333333,1.83333333333333,1.05038937242327,"Other consumer goods"
1994,"34",59.2833333333333,3,1.05060444194546,"Other consumer goods"
2001,"34",73.5166666666667,2.16666666666667,1.02947177510769,"Other consumer goods"
2006,"34",85.175,7.91666666666667,1.09294589570492,"Other consumer goods"
1996,"34",61.6666666666667,2.16666666666667,1.03513513513513,"Other consumer goods"
2003,"34",86.8742424242424,1.25,1.01438861468162,"Other consumer goods"
2013,"34",170.652380952381,6.97619047619048,1.04087953790775,"Other consumer goods"
2015,"34",200.349242424242,2.26666666666667,1.0113135774273,"Other consumer goods"
2010,"34",102.183333333333,8.5,1.0831838199315,"Other consumer goods"
2005,"34",111.883333333333,1.66666666666667,1.01489646953672,"Other consumer goods"
2009,"34",88,4.53333333333333,1.05151515151515,"Other consumer goods"
2012,"34",157.069047619048,4.33333333333333,1.02758871591202,"Other consumer goods"
2018,"34",1.75,0,1,"Other consumer goods"
2014,"34",194.565476190476,2.58333333333333,1.01327744975067,"Other consumer goods"
1991,"34",52,1,1.01923076923077,"Other consumer goods"
1992,"34",64.5833333333333,5.25,1.08129032258065,"Other consumer goods"
1990,"34",57.3333333333333,0,1,"Other consumer goods"
2011,"34",145.907142857143,10.9166666666667,1.07481927514238,"Other consumer goods"
2008,"34",77.1166666666667,6.33333333333333,1.08212664793603,"Other consumer goods"
1993,"34",60.85,4,1.06573541495481,"Other consumer goods"
2000,"34",76.875,4.66666666666667,1.06070460704607,"Other consumer goods"
1999,"34",54.6722222222222,1,1.01829082410324,"Other consumer goods"
2017,"35",89.8785714285714,3.75,1.0417229595486,"Civil engineering"
2013,"35",149.65,5,1.03341129301704,"Civil engineering"
1998,"35",147.44126984127,1.22222222222222,1.00828955301008,"Civil engineering"
2007,"35",116.648412698413,4.5,1.03857746450125,"Civil engineering"
2000,"35",131.059523809524,5.5,1.04196566445635,"Civil engineering"
1991,"35",86.9166666666667,1.33333333333333,1.01534036433365,"Civil engineering"
2004,"35",129.49358974359,1.5,1.01158358497104,"Civil engineering"
2016,"35",139.278571428571,4.91666666666667,1.03530095560456,"Civil engineering"
2018,"35",6,0,1,"Civil engineering"
2006,"35",133.433333333333,6.33333333333333,1.04746440169873,"Civil engineering"
2003,"35",130.5,5.33333333333333,1.04086845466156,"Civil engineering"
2008,"35",116.433333333333,1.25,1.01073575722874,"Civil engineering"
1994,"35",112.166666666667,0.5,1.00445765230312,"Civil engineering"
2010,"35",145.033333333333,5.41666666666667,1.03734773615261,"Civil engineering"
2005,"35",140.238095238095,3.91666666666667,1.02792869269949,"Civil engineering"
2002,"35",114.083333333333,2.5,1.02191380569759,"Civil engineering"
1993,"35",103.642857142857,3,1.0289455547898,"Civil engineering"
2001,"35",109.5,5,1.04566210045662,"Civil engineering"
1990,"35",107.5,11.5,1.10697674418605,"Civil engineering"
2009,"35",145.671428571429,4.7,1.03226439148769,"Civil engineering"
1995,"35",112.75,1.66666666666667,1.01478196600148,"Civil engineering"
2012,"35",126.65,7.5,1.05921831819976,"Civil engineering"
2015,"35",143.911111111111,7.5,1.05211550339716,"Civil engineering"
1996,"35",123.416666666667,0.25,1.00202565833896,"Civil engineering"
1999,"35",147.133333333333,5,1.03398278205709,"Civil engineering"
1997,"35",131.259523809524,10.5,1.07999419543253,"Civil engineering"
1992,"35",122.166666666667,2,1.01637107776262,"Civil engineering"
2014,"35",99.2833333333333,5,1.05036091992614,"Civil engineering"
2011,"35",145.333333333333,5.16666666666667,1.0355504587156,"Civil engineering"
2015,"4",134.446428571429,8.81666666666667,1.0655775446053,"Digital communication"
1996,"4",33.275,0.2,1.00601051840721,"Digital communication"
1997,"4",27.65,1.5,1.05424954792043,"Digital communication"
1998,"4",48.2809523809524,0.285714285714286,1.0059177433672,"Digital communication"
1995,"4",13.5333333333333,0,1,"Digital communication"
2018,"4",5.41666666666667,0,1,"Digital communication"
2008,"4",54.6198412698413,6.66666666666667,1.12205576786155,"Digital communication"
2003,"4",87.8301046176046,0.5,1.00569280888571,"Digital communication"
2017,"4",79.9785714285714,4.03333333333333,1.05043017474919,"Digital communication"
2007,"4",66.0595238095238,2.5,1.0378446566949,"Digital communication"
2009,"4",67.2345238095238,2.96666666666667,1.04412415673637,"Digital communication"
2013,"4",171.615836940837,4.56904761904762,1.02662369452898,"Digital communication"
2006,"4",67.9738095238095,1.5,1.02206732284844,"Digital communication"
1993,"4",20.7555555555556,0,1,"Digital communication"
1994,"4",23.1984126984127,0,1,"Digital communication"
2000,"4",75.89329004329,1.5,1.01976459314314,"Digital communication"
2005,"4",63.4416666666667,1.5,1.02364376724025,"Digital communication"
2016,"4",126.415873015873,3.42619047619048,1.02710253383893,"Digital communication"
2002,"4",76.9035714285714,1,1.01300329726466,"Digital communication"
2014,"4",146.593398268398,2.33333333333333,1.01591704238319,"Digital communication"
1990,"4",12,0,1,"Digital communication"
1991,"4",24.3,0,1,"Digital communication"
2012,"4",128.121305418719,15.75,1.12293037405861,"Digital communication"
1992,"4",19.0079365079365,0,1,"Digital communication"
1999,"4",76.6884085213033,0,1,"Digital communication"
2011,"4",93.1630952380952,11.1833333333333,1.12004037977433,"Digital communication"
2004,"4",77.5,1,1.01290322580645,"Digital communication"
2001,"4",80.6507936507936,3.83333333333333,1.04753001377682,"Digital communication"
2010,"4",77.8772727272727,2.25,1.02889161267729,"Digital communication"
2003,"5",38,0,1,"Basic communication processes"
2015,"5",38.3666666666667,0.333333333333333,1.00868809730669,"Basic communication processes"
1995,"5",22.8333333333333,2.5,1.10948905109489,"Basic communication processes"
2008,"5",48.0857142857143,2.83333333333333,1.05892255892256,"Basic communication processes"
1996,"5",12.5,0,1,"Basic communication processes"
1994,"5",16.6,0,1,"Basic communication processes"
2006,"5",33.2666666666667,2.5,1.0751503006012,"Basic communication processes"
2014,"5",32.75,1,1.03053435114504,"Basic communication processes"
2013,"5",47.9357142857143,2.5,1.05215318134406,"Basic communication processes"
1992,"5",13.3333333333333,0,1,"Basic communication processes"
2000,"5",25.8392857142857,0.666666666666667,1.02580050679567,"Basic communication processes"
2002,"5",18.4880952380952,0,1,"Basic communication processes"
2007,"5",48.7880952380952,0.5,1.01024840173735,"Basic communication processes"
2010,"5",37.0722222222222,7.83333333333333,1.21129926569759,"Basic communication processes"
2009,"5",58.4083333333333,10,1.17120844628335,"Basic communication processes"
2012,"5",52.3666666666667,10.3333333333333,1.1973265436028,"Basic communication processes"
1993,"5",15.4666666666667,1,1.06465517241379,"Basic communication processes"
1990,"5",18.6666666666667,0,1,"Basic communication processes"
2011,"5",51.8928571428571,11,1.21197522367515,"Basic communication processes"
2005,"5",50.35,2,1.03972194637537,"Basic communication processes"
2016,"5",32.2809523809524,1.2,1.03717362442838,"Basic communication processes"
2017,"5",25.2833333333333,1,1.03955174686882,"Basic communication processes"
2001,"5",49.6214285714286,1.5,1.03022887577372,"Basic communication processes"
1991,"5",13.8333333333333,0,1,"Basic communication processes"
1999,"5",20.9611111111111,0,1,"Basic communication processes"
2004,"5",26.2666666666667,0,1,"Basic communication processes"
1997,"5",17.0833333333333,0,1,"Basic communication processes"
1998,"5",19.6428571428571,0,1,"Basic communication processes"
1994,"6",30.1166666666667,1.7,1.05644714997233,"Computer technology"
2008,"6",219.700396825397,4.28333333333333,1.01949624759548,"Computer technology"
1996,"6",48.45,1,1.02063983488132,"Computer technology"
2007,"6",179.658152958153,8.95,1.04981683187005,"Computer technology"
2006,"6",163.904112554113,6.66666666666667,1.04067418786985,"Computer technology"
2002,"6",126.859523809524,3.71666666666667,1.02929749817008,"Computer technology"
2015,"6",249.560317460317,7.8,1.03125496905669,"Computer technology"
1990,"6",15.8333333333333,0,1,"Computer technology"
2013,"6",280.828113553114,8.63376623376623,1.03074395267813,"Computer technology"
1999,"6",107.72380952381,1.6,1.01485279816108,"Computer technology"
2017,"6",104.106782106782,5.44166666666667,1.0522700496216,"Computer technology"
2003,"6",111.773062558357,4.33333333333333,1.03876903105407,"Computer technology"
2010,"6",198.92702020202,10.9333333333333,1.05496152972196,"Computer technology"
2009,"6",170.744444444444,8.48333333333333,1.04968438862498,"Computer technology"
2012,"6",275.286435786436,10.2761904761905,1.03732908396606,"Computer technology"
1998,"6",74.9964285714286,2,1.02666793656841,"Computer technology"
1993,"6",23.45,0,1,"Computer technology"
1992,"6",19.8333333333333,0,1,"Computer technology"
2000,"6",128.762301587302,3.52777777777778,1.02739759801036,"Computer technology"
2018,"6",9.66666666666667,0,1,"Computer technology"
2001,"6",117.097366522367,6.33333333333333,1.05408604413084,"Computer technology"
2016,"6",206.85231990232,7.53988095238095,1.03645055059543,"Computer technology"
1995,"6",24.8452380952381,0.333333333333333,1.0134163871586,"Computer technology"
1991,"6",20.6333333333333,0,1,"Computer technology"
1997,"6",46.8142857142857,0.5,1.01068050045774,"Computer technology"
2011,"6",218.737118437118,9.74285714285714,1.04454139842597,"Computer technology"
2014,"6",270.123015873016,4.41071428571429,1.01632853931924,"Computer technology"
2005,"6",202.194298245614,8.31904761904762,1.04114382893697,"Computer technology"
2019,"6",1.25,0,1,"Computer technology"
2004,"6",167.620197044335,4.08333333333333,1.02436062840478,"Computer technology"
2008,"7",23.6761904761905,3.75,1.15838696701529,"IT methods for management"
1996,"7",1.11111111111111,0,1,"IT methods for management"
1994,"7",1,0,1,"IT methods for management"
2017,"7",24.6166666666667,0,1,"IT methods for management"
2001,"7",27.3333333333333,0.333333333333333,1.01219512195122,"IT methods for management"
2006,"7",26.1666666666667,1,1.03821656050955,"IT methods for management"
2012,"7",37.6166666666667,1.5,1.03987594151529,"IT methods for management"
2011,"7",31.4737484737485,1.2,1.03812701245296,"IT methods for management"
2013,"7",34.9166666666667,0.392857142857143,1.01125127855438,"IT methods for management"
1992,"7",1,0,1,"IT methods for management"
1990,"7",0.333333333333333,0,1,"IT methods for management"
2005,"7",28.1366666666667,1.16666666666667,1.04146428148324,"IT methods for management"
1998,"7",7.83333333333333,0.666666666666667,1.08510638297872,"IT methods for management"
2003,"7",26.0373015873016,0.75,1.02880482823788,"IT methods for management"
1995,"7",4,0,1,"IT methods for management"
2009,"7",18.7416666666667,0.666666666666667,1.03557136505113,"IT methods for management"
2010,"7",20.4166666666667,0.333333333333333,1.01632653061224,"IT methods for management"
2007,"7",17.9166666666667,0.933333333333333,1.05209302325581,"IT methods for management"
2018,"7",0.5,0,1,"IT methods for management"
1999,"7",14.8333333333333,0,1,"IT methods for management"
2014,"7",35.2777777777778,1,1.02834645669291,"IT methods for management"
2016,"7",32.4690476190476,0,1,"IT methods for management"
2015,"7",26.2,0.75,1.02862595419847,"IT methods for management"
2004,"7",21.5166666666667,0,1,"IT methods for management"
2002,"7",20.7936507936508,1.25,1.06011450381679,"IT methods for management"
2000,"7",35.5602564102564,0.333333333333333,1.00937376068068,"IT methods for management"
1997,"7",1.5,0,1,"IT methods for management"
2008,"8",88.138961038961,3.64285714285714,1.04133083825718,"Semiconductors"
2015,"8",86.2123655913979,0.25,1.00289981603318,"Semiconductors"
2013,"8",83.8822316572317,0,1,"Semiconductors"
2001,"8",73.4121794871795,3.70833333333333,1.05051387057622,"Semiconductors"
2017,"8",27.6738095238095,1.91666666666667,1.06925922739396,"Semiconductors"
1992,"8",22.375,0,1,"Semiconductors"
1991,"8",25.25,0,1,"Semiconductors"
2011,"8",89.8444444444444,3.5,1.03895622062825,"Semiconductors"
1994,"8",14.3809523809524,1.33333333333333,1.09271523178808,"Semiconductors"
1996,"8",15.6666666666667,7.16666666666667,1.45744680851064,"Semiconductors"
2006,"8",55.0111471861472,3.16666666666667,1.05756409070968,"Semiconductors"
2005,"8",63.1511904761905,3.65,1.05779780194921,"Semiconductors"
1998,"8",46.6865079365079,0.285714285714286,1.00611984700382,"Semiconductors"
2000,"8",54.3738095238095,2,1.03678241450278,"Semiconductors"
2012,"8",89.5929653679654,0.8,1.00892927247931,"Semiconductors"
1995,"8",18.9,0,1,"Semiconductors"
2009,"8",92.3212454212454,2.93571428571429,1.03179890254209,"Semiconductors"
2016,"8",89.9285714285714,3.1,1.03447180301827,"Semiconductors"
2018,"8",4.84444444444444,1,1.20642201834862,"Semiconductors"
1990,"8",10,1,1.1,"Semiconductors"
2004,"8",51.8,1.53333333333333,1.02960102960103,"Semiconductors"
2014,"8",81.1325396825397,1.8,1.02218591957115,"Semiconductors"
2002,"8",54.5432234432234,2.33333333333333,1.04277952761194,"Semiconductors"
2007,"8",57.7227272727273,2,1.03464839751162,"Semiconductors"
2010,"8",67.8248556998557,6.95555555555556,1.1025517191859,"Semiconductors"
2003,"8",40.8666666666667,3.66666666666667,1.08972267536705,"Semiconductors"
1997,"8",36.65,0,1,"Semiconductors"
1993,"8",13.3333333333333,2.25,1.16875,"Semiconductors"
1999,"8",35.35,0.666666666666667,1.01885902876002,"Semiconductors"
2008,"9",64.115873015873,1.95,1.03041368553957,"Optics"
2006,"9",68.029797979798,3.03333333333333,1.04458830429328,"Optics"
2012,"9",91.6280322017164,3.66666666666667,1.04001686578398,"Optics"
2015,"9",91.0262987012987,1.66666666666667,1.01830972686406,"Optics"
2005,"9",74.0047619047619,1.33333333333333,1.01801685863201,"Optics"
2009,"9",74.5234126984127,4.45,1.05971277802331,"Optics"
2013,"9",77.5746031746032,2.16666666666667,1.02793010312653,"Optics"
1994,"9",37.9,0.666666666666667,1.01759014951627,"Optics"
1992,"9",52.1190476190476,2.91666666666667,1.05596162631339,"Optics"
1990,"9",37,1.33333333333333,1.03603603603604,"Optics"
1998,"9",90.0964285714286,2.45,1.02719308677211,"Optics"
1991,"9",50.4523809523809,1.78571428571429,1.03539405379896,"Optics"
2007,"9",70.0619047619048,3.7452380952381,1.05345612723442,"Optics"
2010,"9",91.9924242424242,3.05952380952381,1.03325843225374,"Optics"
1995,"9",40.4492424242424,2.78333333333333,1.06881051823273,"Optics"
2014,"9",97.6115079365079,8.25,1.0845187229908,"Optics"
2016,"9",53.64329004329,2.16666666666667,1.04039026437264,"Optics"
2018,"9",1.25,0,1,"Optics"
2004,"9",62.8333333333333,2.91666666666667,1.04641909814324,"Optics"
2001,"9",88.102380952381,2.06666666666667,1.02345755749534,"Optics"
2002,"9",105.65,2.1,1.01987695220066,"Optics"
2017,"9",30.3166666666667,0.5,1.01649257833975,"Optics"
2003,"9",69.9880952380952,1.47619047619048,1.0210920224528,"Optics"
1997,"9",65.352380952381,4.45,1.06809239288837,"Optics"
2011,"9",61.1194805194805,4.5,1.07362628022608,"Optics"
1993,"9",40.3166666666667,3.66666666666667,1.09094667217859,"Optics"
1996,"9",50.3651515151515,2.08333333333333,1.04136457988628,"Optics"
1999,"9",85.2142857142857,3.88333333333333,1.04557138865605,"Optics"
2000,"9",99.4754329004329,3.16666666666667,1.03183365555027,"Optics"
